"name","name","readgroup","basecallid","software","basecalldate","version"
"PALHRL","TARGET_40_PALHRL_01A_01D",501,170,"BUSTARD","2010-10-01","1.8.0"
"PALHRL","TARGET_40_PALHRL_01A_01D",514,181,"BUSTARD","2010-10-17","1.8.0"
"PAKFVX","TARGET_40_PAKFVX_01A_01D",500,170,"BUSTARD","2010-10-01","1.8.0"
"PAKFVX","TARGET_40_PAKFVX_01A_01D",513,181,"BUSTARD","2010-10-17","1.8.0"
"PALFYN","TARGET_40_PALFYN_01A_01D",499,170,"BUSTARD","2010-10-01","1.8.0"
"PALFYN","TARGET_40_PALFYN_01A_01D",512,181,"BUSTARD","2010-10-17","1.8.0"
"PALKDP","TARGET_40_PALKDP_01A_01D",508,177,"BUSTARD","2010-10-03","1.8.0"
"PALKDP","TARGET_40_PALKDP_01A_01D",511,181,"BUSTARD","2010-10-17","1.8.0"
"PALKGN","TARGET_40_PALKGN_01A_01D",507,177,"BUSTARD","2010-10-03","1.8.0"
"PALKGN","TARGET_40_PALKGN_01A_01D",675,239,"BUSTARD","2011-04-20","1.8.0"
"PALHRL","TARGET_40_PALHRL_10A_01D",506,177,"BUSTARD","2010-10-03","1.8.0"
"PAKFVX","TARGET_40_PAKFVX_10A_01D",505,177,"BUSTARD","2010-10-03","1.8.0"
"PALFYN","TARGET_40_PALFYN_10A_01D",504,177,"BUSTARD","2010-10-03","1.8.0"
"PALKDP","TARGET_40_PALKDP_10A_01D",503,177,"BUSTARD","2010-10-03","1.8.0"
"PALKGN","TARGET_40_PALKGN_10A_01D",502,177,"BUSTARD","2010-10-03","1.8.0"
"PALKGN","TARGET_40_PALKGN_10A_01D",516,192,"BUSTARD","2010-11-01","1.8.0"
"PALHRL","TARGET_40_PALHRL_01A_01R",510,180,"BUSTARD","2010-10-17","1.8.0"
"PALHRL","TARGET_40_PALHRL_01A_01R",560,208,"BUSTARD","2011-01-07","1.8.0"
"PAKFVX","TARGET_40_PAKFVX_01A_01R",498,170,"BUSTARD","2010-10-01","1.8.0"
"PAKFVX","TARGET_40_PAKFVX_01A_01R",517,192,"BUSTARD","2010-11-01","1.8.0"
"PALFYN","TARGET_40_PALFYN_01A_01R",497,170,"BUSTARD","2010-10-01","1.8.0"
"PALFYN","TARGET_40_PALFYN_01A_01R",518,192,"BUSTARD","2010-11-01","1.8.0"
"PALFYN","TARGET_40_PALFYN_01A_01R",561,208,"BUSTARD","2011-01-07","1.8.0"
"PALKDP","TARGET_40_PALKDP_01A_01R",496,170,"BUSTARD","2010-10-01","1.8.0"
"PALKDP","TARGET_40_PALKDP_01A_01R",519,192,"BUSTARD","2010-11-01","1.8.0"
"PALKGN","TARGET_40_PALKGN_01A_01R",509,180,"BUSTARD","2010-10-17","1.8.0"
"PALKGN","TARGET_40_PALKGN_01A_01R",515,198,"BUSTARD","2010-11-11","1.8.0"
"PAMHYN","TARGET_40_PAMHYN_10A_01D",526,185,"BUSTARD","2010-11-05","1.8.0"
"PAMJXS","TARGET_40_PAMJXS_10A_01D",525,185,"BUSTARD","2010-11-05","1.8.0"
"PAMYYJ","TARGET_40_PAMYYJ_10A_01D",524,185,"BUSTARD","2010-11-05","1.8.0"
"PAMYYJ","TARGET_40_PAMYYJ_10A_01D",801,295,"BUSTARD","2011-11-26","1.9.0"
"PANPUM","TARGET_40_PANPUM_10A_01D",523,185,"BUSTARD","2010-11-05","1.8.0"
"PANSEN","TARGET_40_PANSEN_10A_01D",522,185,"BUSTARD","2010-11-05","1.8.0"
"PANXSC","TARGET_40_PANXSC_10A_01D",521,185,"BUSTARD","2010-11-05","1.8.0"
"PANXSC","TARGET_40_PANXSC_10A_01D",796,292,"BUSTARD","2011-11-08","1.9.0"
"PALWWX","TARGET_40_PALWWX_10A_01D",520,185,"BUSTARD","2010-11-05","1.8.0"
"PALWWX","TARGET_40_PALWWX_10A_01D",782,283,"BUSTARD","2011-09-10","1.9.0"
"PAMHYN","TARGET_40_PAMHYN_01A_01R",533,197,"BUSTARD","2010-11-06","1.8.0"
"PAMHYN","TARGET_40_PAMHYN_01A_01R",538,199,"BUSTARD","2010-11-15","1.8.0"
"PAMJXS","TARGET_40_PAMJXS_01A_01R",532,197,"BUSTARD","2010-11-06","1.8.0"
"PAMJXS","TARGET_40_PAMJXS_01A_01R",537,199,"BUSTARD","2010-11-15","1.8.0"
"PAMYYJ","TARGET_40_PAMYYJ_01A_01R",531,197,"BUSTARD","2010-11-06","1.8.0"
"PAMYYJ","TARGET_40_PAMYYJ_01A_01R",536,199,"BUSTARD","2010-11-15","1.8.0"
"PANPUM","TARGET_40_PANPUM_01A_01R",530,197,"BUSTARD","2010-11-06","1.8.0"
"PANPUM","TARGET_40_PANPUM_01A_01R",535,199,"BUSTARD","2010-11-15","1.8.0"
"PANSEN","TARGET_40_PANSEN_01A_01R",529,197,"BUSTARD","2010-11-06","1.8.0"
"PANSEN","TARGET_40_PANSEN_01A_01R",534,199,"BUSTARD","2010-11-15","1.8.0"
"PANXSC","TARGET_40_PANXSC_01A_01R",29369,197,"BUSTARD","2010-11-06","1.8.0"
"PANXSC","TARGET_40_PANXSC_01A_01R",29374,203,"BUSTARD","2010-12-21","1.8.0"
"PALWWX","TARGET_40_PALWWX_01A_01R",29370,197,"BUSTARD","2010-11-06","1.8.0"
"PALWWX","TARGET_40_PALWWX_01A_01R",29373,203,"BUSTARD","2010-12-21","1.8.0"
"PALZGU","TARGET_40_PALZGU_01A_01R",539,199,"BUSTARD","2010-11-15","1.8.0"
"PALZGU","TARGET_40_PALZGU_01A_01R",557,203,"BUSTARD","2010-12-21","1.8.0"
"PALZGU","TARGET_40_PALZGU_10A_01D",540,199,"BUSTARD","2010-11-15","1.8.0"
"PALZGU","TARGET_40_PALZGU_10A_01D",792,289,"BUSTARD","2011-11-01","1.9.0"
"PAMJXS","TARGET_40_PAMJXS_01A_01D",554,200,"BUSTARD","2010-11-27","1.8.0"
"PAMJXS","TARGET_40_PAMJXS_01A_01D",547,201,"BUSTARD","2010-11-26","1.8.0"
"PAMYYJ","TARGET_40_PAMYYJ_01A_01D",553,200,"BUSTARD","2010-11-27","1.8.0"
"PAMYYJ","TARGET_40_PAMYYJ_01A_01D",546,201,"BUSTARD","2010-11-26","1.8.0"
"PANPUM","TARGET_40_PANPUM_01A_01D",552,200,"BUSTARD","2010-11-27","1.8.0"
"PANPUM","TARGET_40_PANPUM_01A_01D",545,201,"BUSTARD","2010-11-26","1.8.0"
"PANSEN","TARGET_40_PANSEN_01A_01D",551,200,"BUSTARD","2010-11-27","1.8.0"
"PANSEN","TARGET_40_PANSEN_01A_01D",544,201,"BUSTARD","2010-11-26","1.8.0"
"PANSEN","TARGET_40_PANSEN_01A_01D",677,239,"BUSTARD","2011-04-20","1.8.0"
"PANSEN","TARGET_40_PANSEN_01A_01D",798,292,"BUSTARD","2011-11-08","1.9.0"
"PANXSC","TARGET_40_PANXSC_01A_01D",550,200,"BUSTARD","2010-11-27","1.8.0"
"PANXSC","TARGET_40_PANXSC_01A_01D",543,201,"BUSTARD","2010-11-26","1.8.0"
"PANXSC","TARGET_40_PANXSC_01A_01D",678,239,"BUSTARD","2011-04-20","1.8.0"
"PANXSC","TARGET_40_PANXSC_01A_01D",797,292,"BUSTARD","2011-11-08","1.9.0"
"PALWWX","TARGET_40_PALWWX_01A_01D",549,200,"BUSTARD","2010-11-27","1.8.0"
"PALWWX","TARGET_40_PALWWX_01A_01D",542,201,"BUSTARD","2010-11-26","1.8.0"
"PALWWX","TARGET_40_PALWWX_01A_01D",679,239,"BUSTARD","2011-04-20","1.8.0"
"PALWWX","TARGET_40_PALWWX_01A_01D",800,292,"BUSTARD","2011-11-08","1.9.0"
"PALZGU","TARGET_40_PALZGU_01A_01D",548,200,"BUSTARD","2010-11-27","1.8.0"
"PALZGU","TARGET_40_PALZGU_01A_01D",541,201,"BUSTARD","2010-11-26","1.8.0"
"PALZGU","TARGET_40_PALZGU_01A_01D",680,239,"BUSTARD","2011-04-20","1.8.0"
"PALZGU","TARGET_40_PALZGU_01A_01D",791,289,"BUSTARD","2011-11-01","1.9.0"
"PAMHYN","TARGET_40_PAMHYN_01A_01D",556,202,"BUSTARD","2010-12-06","1.8.0"
"PAMHYN","TARGET_40_PAMHYN_01A_01D",555,202,"BUSTARD","2010-12-06","1.8.0"
"PAMHYN","TARGET_40_PAMHYN_01A_01D",676,239,"BUSTARD","2011-04-20","1.8.0"
"PAPNVD","TARGET_40_PAPNVD_01A_01R",575,212,"BUSTARD","2011-02-04","1.8.0"
"PAPXGT","TARGET_40_PAPXGT_01A_01R",581,212,"BUSTARD","2011-02-04","1.8.0"
"PAPXGT","TARGET_40_PAPXGT_01A_01R",580,212,"BUSTARD","2011-02-04","1.8.0"
"PASEBY","TARGET_40_PASEBY_01A_01R",574,211,"BUSTARD","2011-01-27","1.8.0"
"PASEBY","TARGET_40_PASEBY_01A_01R",571,211,"BUSTARD","2011-01-27","1.8.0"
"PASFCV","TARGET_40_PASFCV_01A_01R",573,211,"BUSTARD","2011-01-27","1.8.0"
"PASFCV","TARGET_40_PASFCV_01A_01R",570,211,"BUSTARD","2011-01-27","1.8.0"
"PASKZZ","TARGET_40_PASKZZ_01A_01R",579,212,"BUSTARD","2011-02-04","1.8.0"
"PASKZZ","TARGET_40_PASKZZ_01A_01R",578,212,"BUSTARD","2011-02-04","1.8.0"
"PASSLM","TARGET_40_PASSLM_01A_01R",572,211,"BUSTARD","2011-01-27","1.8.0"
"PASSLM","TARGET_40_PASSLM_01A_01R",569,211,"BUSTARD","2011-01-27","1.8.0"
"PASEFS","TARGET_40_PASEFS_01A_01R",577,212,"BUSTARD","2011-02-04","1.8.0"
"PASEFS","TARGET_40_PASEFS_01A_01R",576,212,"BUSTARD","2011-02-04","1.8.0"
"PASEBY","TARGET_40_PASEBY_10A_01D",568,209,"BUSTARD","2011-01-24","1.8.0"
"PASEBY","TARGET_40_PASEBY_10A_01D",794,289,"BUSTARD","2011-11-01","1.9.0"
"PAPNVD","TARGET_40_PAPNVD_10A_01D",567,209,"BUSTARD","2011-01-24","1.8.0"
"PAPNVD","TARGET_40_PAPNVD_10A_01D",804,296,"BUSTARD","2011-11-04","1.9.0"
"PASKZZ","TARGET_40_PASKZZ_10A_01D",566,209,"BUSTARD","2011-01-24","1.8.0"
"PASKZZ","TARGET_40_PASKZZ_10A_01D",789,285,"BUSTARD","2011-10-13","1.9.0"
"PAPXGT","TARGET_40_PAPXGT_10A_01D",565,209,"BUSTARD","2011-01-24","1.8.0"
"PAPXGT","TARGET_40_PAPXGT_10A_01D",783,283,"BUSTARD","2011-09-10","1.9.0"
"PAPXGT","TARGET_40_PAPXGT_10A_01D",793,289,"BUSTARD","2011-11-01","1.9.0"
"PASSLM","TARGET_40_PASSLM_10A_01D",564,209,"BUSTARD","2011-01-24","1.8.0"
"PASSLM","TARGET_40_PASSLM_10A_01D",795,289,"BUSTARD","2011-11-01","1.9.0"
"PASEFS","TARGET_40_PASEFS_10A_01D",563,209,"BUSTARD","2011-01-24","1.8.0"
"PASEFS","TARGET_40_PASEFS_10A_01D",790,285,"BUSTARD","2011-10-13","1.9.0"
"PASFCV","TARGET_40_PASFCV_10A_01D",562,209,"BUSTARD","2011-01-24","1.8.0"
"PASFCV","TARGET_40_PASFCV_10A_01D",784,285,"BUSTARD","2011-10-13","1.9.0"
"PASFCV","TARGET_40_PASFCV_01A_01D",587,213,"BUSTARD","2011-02-19","1.8.0"
"PASFCV","TARGET_40_PASFCV_01A_01D",586,213,"BUSTARD","2011-02-19","1.8.0"
"PASKZZ","TARGET_40_PASKZZ_01A_01D",585,213,"BUSTARD","2011-02-19","1.8.0"
"PASKZZ","TARGET_40_PASKZZ_01A_01D",584,213,"BUSTARD","2011-02-19","1.8.0"
"PASSLM","TARGET_40_PASSLM_01A_01D",583,213,"BUSTARD","2011-02-19","1.8.0"
"PASSLM","TARGET_40_PASSLM_01A_01D",582,213,"BUSTARD","2011-02-19","1.8.0"
"PAPNVD","TARGET_40_PAPNVD_01A_01D",593,214,"BUSTARD","2011-02-19","1.8.0"
"PAPNVD","TARGET_40_PAPNVD_01A_01D",592,214,"BUSTARD","2011-02-19","1.8.0"
"PAPXGT","TARGET_40_PAPXGT_01A_01D",591,214,"BUSTARD","2011-02-19","1.8.0"
"PAPXGT","TARGET_40_PAPXGT_01A_01D",590,214,"BUSTARD","2011-02-19","1.8.0"
"PASEBY","TARGET_40_PASEBY_01A_01D",589,214,"BUSTARD","2011-02-19","1.8.0"
"PASEBY","TARGET_40_PASEBY_01A_01D",588,214,"BUSTARD","2011-02-19","1.8.0"
"PASEFS","TARGET_40_PASEFS_01A_01D",604,215,"BUSTARD","2011-02-22","1.8.0"
"PASEFS","TARGET_40_PASEFS_01A_01D",603,215,"BUSTARD","2011-02-22","1.8.0"
"PAKXLD","TARGET_40_PAKXLD_01A_01R",29378,215,"BUSTARD","2011-02-22","1.8.0"
"PAKXLD","TARGET_40_PAKXLD_01A_01R",600,216,"BUSTARD","2011-02-24","1.8.0"
"PAMEKS","TARGET_40_PAMEKS_01A_01R",29377,215,"BUSTARD","2011-02-22","1.8.0"
"PAMEKS","TARGET_40_PAMEKS_01A_01R",599,216,"BUSTARD","2011-02-24","1.8.0"
"PAMLKS","TARGET_40_PAMLKS_01A_01R",598,216,"BUSTARD","2011-02-24","1.8.0"
"PAMLKS","TARGET_40_PAMLKS_01A_01R",625,219,"BUSTARD","2011-03-11","1.8.0"
"PAMLKS","TARGET_40_PAMLKS_01A_01R",883,321,"BUSTARD","2012-03-12","1.9.0"
"PARDAX","TARGET_40_PARDAX_01A_01R",597,216,"BUSTARD","2011-02-24","1.8.0"
"PARDAX","TARGET_40_PARDAX_01A_01R",626,219,"BUSTARD","2011-03-11","1.8.0"
"PARFTG","TARGET_40_PARFTG_01A_01R",596,216,"BUSTARD","2011-02-24","1.8.0"
"PARFTG","TARGET_40_PARFTG_01A_01R",642,229,"BUSTARD","2011-03-22","1.8.0"
"PARGTM","TARGET_40_PARGTM_01A_01R",595,216,"BUSTARD","2011-02-24","1.8.0"
"PARGTM","TARGET_40_PARGTM_01A_01R",641,229,"BUSTARD","2011-03-22","1.8.0"
"PARJXU","TARGET_40_PARJXU_01A_01R",594,216,"BUSTARD","2011-02-24","1.8.0"
"PARJXU","TARGET_40_PARJXU_01A_01R",644,229,"BUSTARD","2011-03-22","1.8.0"
"PARKAF","TARGET_40_PARKAF_01A_01R",643,229,"BUSTARD","2011-03-22","1.8.0"
"PAMHLF","TARGET_40_PAMHLF_01A_01R_2ndPortion",611,217,"BUSTARD","2011-03-04","1.8.0"
"PAMHLF","TARGET_40_PAMHLF_01A_01R_2ndPortion",618,218,"BUSTARD","2011-03-04","1.8.0"
"PANVJJ","TARGET_40_PANVJJ_01A_01R",610,217,"BUSTARD","2011-03-04","1.8.0"
"PANVJJ","TARGET_40_PANVJJ_01A_01R",617,218,"BUSTARD","2011-03-04","1.8.0"
"PANVJJ","TARGET_40_PANVJJ_01A_01R",881,321,"BUSTARD","2012-03-12","1.9.0"
"PAMHLF","TARGET_40_PAMHLF_01A_01R_1stPortion",609,217,"BUSTARD","2011-03-04","1.8.0"
"PAMHLF","TARGET_40_PAMHLF_01A_01R_1stPortion",616,218,"BUSTARD","2011-03-04","1.8.0"
"PASRNE","TARGET_40_PASRNE_01A_01R",608,217,"BUSTARD","2011-03-04","1.8.0"
"PASRNE","TARGET_40_PASRNE_01A_01R",615,218,"BUSTARD","2011-03-04","1.8.0"
"PASRNE","TARGET_40_PASRNE_01A_01R",880,321,"BUSTARD","2012-03-12","1.9.0"
"PATJVI","TARGET_40_PATJVI_01A_01R",607,217,"BUSTARD","2011-03-04","1.8.0"
"PATJVI","TARGET_40_PATJVI_01A_01R",614,218,"BUSTARD","2011-03-04","1.8.0"
"PATJVI","TARGET_40_PATJVI_01A_01R",878,310,"BUSTARD","2012-02-19","1.9.0"
"PAMRHD","TARGET_40_PAMRHD_01A_01R",606,217,"BUSTARD","2011-03-04","1.8.0"
"PAMRHD","TARGET_40_PAMRHD_01A_01R",613,218,"BUSTARD","2011-03-04","1.8.0"
"PAMRHD","TARGET_40_PAMRHD_01A_01R",882,321,"BUSTARD","2012-03-12","1.9.0"
"PASYUK","TARGET_40_PASYUK_01A_01R",605,217,"BUSTARD","2011-03-04","1.8.0"
"PASYUK","TARGET_40_PASYUK_01A_01R",612,218,"BUSTARD","2011-03-04","1.8.0"
"PASYUK","TARGET_40_PASYUK_01A_01R",879,310,"BUSTARD","2012-02-19","1.9.0"
"PAMHLF","TARGET_40_PAMHLF_01A_02D_2ndPortion",624,221,"BUSTARD","2011-03-11","1.8.0"
"PAMHLF","TARGET_40_PAMHLF_01A_02D_2ndPortion",623,221,"BUSTARD","2011-03-11","1.8.0"
"PASRNE","TARGET_40_PASRNE_01A_01D",622,221,"BUSTARD","2011-03-11","1.8.0"
"PASRNE","TARGET_40_PASRNE_01A_01D",621,221,"BUSTARD","2011-03-11","1.8.0"
"PATJVI","TARGET_40_PATJVI_01A_01D",620,221,"BUSTARD","2011-03-11","1.8.0"
"PATJVI","TARGET_40_PATJVI_01A_01D",619,221,"BUSTARD","2011-03-11","1.8.0"
"PAMRHD","TARGET_40_PAMRHD_01A_01D",640,225,"BUSTARD","2011-03-12","1.8.0"
"PAMRHD","TARGET_40_PAMRHD_01A_01D",633,227,"BUSTARD","2011-03-12","1.8.0"
"PASYUK","TARGET_40_PASYUK_01A_01D",639,225,"BUSTARD","2011-03-12","1.8.0"
"PASYUK","TARGET_40_PASYUK_01A_01D",632,227,"BUSTARD","2011-03-12","1.8.0"
"PATAWV","TARGET_40_PATAWV_01A_01D",638,225,"BUSTARD","2011-03-12","1.8.0"
"PATAWV","TARGET_40_PATAWV_01A_01D",631,227,"BUSTARD","2011-03-12","1.8.0"
"PAKXLD","TARGET_40_PAKXLD_01A_01D",637,225,"BUSTARD","2011-03-12","1.8.0"
"PAKXLD","TARGET_40_PAKXLD_01A_01D",630,227,"BUSTARD","2011-03-12","1.8.0"
"PAMEKS","TARGET_40_PAMEKS_01A_01D",636,225,"BUSTARD","2011-03-12","1.8.0"
"PAMEKS","TARGET_40_PAMEKS_01A_01D",629,227,"BUSTARD","2011-03-12","1.8.0"
"PAMEKS","TARGET_40_PAMEKS_01A_01D",681,239,"BUSTARD","2011-04-20","1.8.0"
"PAMLKS","TARGET_40_PAMLKS_01A_01D",635,225,"BUSTARD","2011-03-12","1.8.0"
"PAMLKS","TARGET_40_PAMLKS_01A_01D",628,227,"BUSTARD","2011-03-12","1.8.0"
"PAMLKS","TARGET_40_PAMLKS_01A_01D",899,323,"BUSTARD","2012-04-11","1.9.4"
"PARDAX","TARGET_40_PARDAX_01A_01D",634,225,"BUSTARD","2011-03-12","1.8.0"
"PARDAX","TARGET_40_PARDAX_01A_01D",627,227,"BUSTARD","2011-03-12","1.8.0"
"PARFTG","TARGET_40_PARFTG_01A_01D",647,229,"BUSTARD","2011-03-22","1.8.0"
"PARFTG","TARGET_40_PARFTG_01A_01D",646,229,"BUSTARD","2011-03-22","1.8.0"
"PAMHLF","TARGET_40_PAMHLF_10A_01D",645,229,"BUSTARD","2011-03-22","1.8.0"
"PAMHLF","TARGET_40_PAMHLF_10A_01D",901,327,"BUSTARD","2012-04-17","1.8.0"
"PAMEKS","TARGET_40_PAMEKS_10A_01D",654,228,"BUSTARD","2011-03-19","1.8.0"
"PAMLKS","TARGET_40_PAMLKS_10A_01D",653,228,"BUSTARD","2011-03-19","1.8.0"
"PAMLKS","TARGET_40_PAMLKS_10A_01D",898,323,"BUSTARD","2012-04-11","1.9.4"
"PARDAX","TARGET_40_PARDAX_10A_01D",652,228,"BUSTARD","2011-03-19","1.8.0"
"PARFTG","TARGET_40_PARFTG_10A_01D",651,228,"BUSTARD","2011-03-19","1.8.0"
"PARGTM","TARGET_40_PARGTM_10A_01D",650,228,"BUSTARD","2011-03-19","1.8.0"
"PARGTM","TARGET_40_PARGTM_10A_01D",904,327,"BUSTARD","2012-04-17","1.8.0"
"PARJXU","TARGET_40_PARJXU_10A_01D",649,228,"BUSTARD","2011-03-19","1.8.0"
"PARJXU","TARGET_40_PARJXU_10A_01D",902,327,"BUSTARD","2012-04-17","1.8.0"
"PARKAF","TARGET_40_PARKAF_10A_01D",648,228,"BUSTARD","2011-03-19","1.8.0"
"PATAWV","TARGET_40_PATAWV_01A_01R",668,235,"BUSTARD","2011-04-03","1.8.0"
"PATAWV","TARGET_40_PATAWV_01A_01R",671,236,"BUSTARD","2011-04-05","1.8.0"
"PANMIG","TARGET_40_PANMIG_01A_01R",663,234,"BUSTARD","2011-03-29","1.8.0"
"PANMIG","TARGET_40_PANMIG_01A_01R",662,234,"BUSTARD","2011-03-29","1.8.0"
"PANVJJ","TARGET_40_PANVJJ_01A_01WX",667,235,"BUSTARD","2011-04-03","1.8.0"
"PANVJJ","TARGET_40_PANVJJ_01A_01WX",672,236,"BUSTARD","2011-04-05","1.8.0"
"PANMIG","TARGET_40_PANMIG_01A_01WX",673,236,"BUSTARD","2011-04-05","1.8.0"
"PANMIG","TARGET_40_PANMIG_01A_01WX",682,238,"BUSTARD","2011-04-16","1.8.0"
"PASRNE","TARGET_40_PASRNE_10A_01WX",666,235,"BUSTARD","2011-04-03","1.8.0"
"PATJVI","TARGET_40_PATJVI_10A_01WX",665,235,"BUSTARD","2011-04-03","1.8.0"
"PATJVI","TARGET_40_PATJVI_10A_01WX",900,327,"BUSTARD","2012-04-17","1.8.0"
"PASYUK","TARGET_40_PASYUK_10A_01WX",664,235,"BUSTARD","2011-04-03","1.8.0"
"PASYUK","TARGET_40_PASYUK_10A_01WX",905,327,"BUSTARD","2012-04-17","1.8.0"
"PATAWV","TARGET_40_PATAWV_10A_01WX",674,236,"BUSTARD","2011-04-05","1.8.0"
"PATAWV","TARGET_40_PATAWV_10A_01WX",906,327,"BUSTARD","2012-04-17","1.8.0"
"PAKXLD","TARGET_40_PAKXLD_10A_01D",661,230,"BUSTARD","2011-03-25","1.8.0"
"PARGTM","TARGET_40_PARGTM_01A_01D",660,230,"BUSTARD","2011-03-25","1.8.0"
"PARGTM","TARGET_40_PARGTM_01A_01D",659,230,"BUSTARD","2011-03-25","1.8.0"
"PARJXU","TARGET_40_PARJXU_01A_01D",658,230,"BUSTARD","2011-03-25","1.8.0"
"PARJXU","TARGET_40_PARJXU_01A_01D",657,230,"BUSTARD","2011-03-25","1.8.0"
"PARJXU","TARGET_40_PARJXU_01A_01D",910,333,"BUSTARD","2012-05-07","1.9.4"
"PARKAF","TARGET_40_PARKAF_01A_01D",656,230,"BUSTARD","2011-03-25","1.8.0"
"PARKAF","TARGET_40_PARKAF_01A_01D",655,230,"BUSTARD","2011-03-25","1.8.0"
"PANVJJ","TARGET_40_PANVJJ_10A_01D",670,235,"BUSTARD","2011-04-03","1.8.0"
"PANMIG","TARGET_40_PANMIG_10A_01WX",669,235,"BUSTARD","2011-04-03","1.8.0"
"PAMHLF","TARGET_40_PAMHLF_01A_01W.X_1stPortion",685,238,"BUSTARD","2011-04-16","1.8.0"
"PAMHLF","TARGET_40_PAMHLF_01A_01W.X_1stPortion",684,238,"BUSTARD","2011-04-16","1.8.0"
"PAMRHD","TARGET_40_PAMRHD_10A_01WX",683,238,"BUSTARD","2011-04-16","1.8.0"
"PAMRHD","TARGET_40_PAMRHD_10A_01WX",908,333,"BUSTARD","2012-05-07","1.9.4"
"PAKZZK","TARGET_40_PAKZZK_01A_01WX",690,243,"BUSTARD","2011-05-20","1.8.0"
"PAKZZK","TARGET_40_PAKZZK_01A_01WX",704,245,"BUSTARD","2011-05-31","1.8.0"
"PANMIG","TARGET_40_PANMIG_01A_02R",699,244,"BUSTARD","2011-05-20","1.8.0"
"PANMIG","TARGET_40_PANMIG_01A_02R",716,252,"BUSTARD","2011-06-17","1.8.0"
"PANMIG","TARGET_40_PANMIG_01A_02D",692,243,"BUSTARD","2011-05-20","1.8.0"
"PANMIG","TARGET_40_PANMIG_01A_02D",706,245,"BUSTARD","2011-05-31","1.8.0"
"PANGRW","TARGET_40_PANGRW_01A_02D",691,243,"BUSTARD","2011-05-20","1.8.0"
"PANGRW","TARGET_40_PANGRW_01A_02D",705,245,"BUSTARD","2011-05-31","1.8.0"
"PANGRW","TARGET_40_PANGRW_01A_02R",698,244,"BUSTARD","2011-05-20","1.8.0"
"PANGRW","TARGET_40_PANGRW_01A_02R",742,258,"BUSTARD","2011-07-09","1.9.0"
"PAKZZK","TARGET_40_PAKZZK_01A_01R",697,244,"BUSTARD","2011-05-20","1.8.0"
"PAKZZK","TARGET_40_PAKZZK_01A_01R",725,249,"BUSTARD","2011-06-11","1.8.0"
"PANZZJ","TARGET_40_PANZZJ_01A_01WX",689,243,"BUSTARD","2011-05-20","1.8.0"
"PANZZJ","TARGET_40_PANZZJ_01A_01WX",703,245,"BUSTARD","2011-05-31","1.8.0"
"PANZZJ","TARGET_40_PANZZJ_01A_01R",696,244,"BUSTARD","2011-05-20","1.8.0"
"PANZZJ","TARGET_40_PANZZJ_01A_01R",726,249,"BUSTARD","2011-06-11","1.8.0"
"PARBGW","TARGET_40_PARBGW_01A_01WX",688,243,"BUSTARD","2011-05-20","1.8.0"
"PARBGW","TARGET_40_PARBGW_01A_01WX",702,245,"BUSTARD","2011-05-31","1.8.0"
"PARBGW","TARGET_40_PARBGW_01A_01R",695,244,"BUSTARD","2011-05-20","1.8.0"
"PARBGW","TARGET_40_PARBGW_01A_01R",727,249,"BUSTARD","2011-06-11","1.8.0"
"PANZHX","TARGET_40_PANZHX_01A_01R",694,244,"BUSTARD","2011-05-20","1.8.0"
"PANZHX","TARGET_40_PANZHX_01A_01R",728,249,"BUSTARD","2011-06-11","1.8.0"
"PASUUH","TARGET_40_PASUUH_01A_01D",687,243,"BUSTARD","2011-05-20","1.8.0"
"PASUUH","TARGET_40_PASUUH_01A_01D",701,245,"BUSTARD","2011-05-31","1.8.0"
"PATEEM","TARGET_40_PATEEM_01A_01WX",686,243,"BUSTARD","2011-05-20","1.8.0"
"PATEEM","TARGET_40_PATEEM_01A_01WX",700,245,"BUSTARD","2011-05-31","1.8.0"
"PAPKWD","TARGET_40_PAPKWD_01A_01R",693,244,"BUSTARD","2011-05-20","1.8.0"
"PAPKWD","TARGET_40_PAPKWD_01A_01R",729,249,"BUSTARD","2011-06-11","1.8.0"
"PATEEM","TARGET_40_PATEEM_01A_01WX",709,248,"BUSTARD","2011-06-04","1.8.0"
"PATEEM","TARGET_40_PATEEM_01A_01WX",719,252,"BUSTARD","2011-06-17","1.8.0"
"PAPWWC","TARGET_40_PAPWWC_01A_01R",724,251,"BUSTARD","2011-06-13","1.8.0"
"PAPWWC","TARGET_40_PAPWWC_01A_01R",741,256,"BUSTARD","2011-06-27","1.9.0"
"PAPWWC","TARGET_40_PAPWWC_01A_01R",751,261,"BUSTARD","2011-07-18","1.9.0"
"PAMTCM","TARGET_40_PAMTCM_01A_01D",711,248,"BUSTARD","2011-06-04","1.8.0"
"PAMTCM","TARGET_40_PAMTCM_01A_01D",710,248,"BUSTARD","2011-06-04","1.8.0"
"PAMTCM","TARGET_40_PAMTCM_01A_01R",723,251,"BUSTARD","2011-06-13","1.8.0"
"PAMTCM","TARGET_40_PAMTCM_01A_01R",740,256,"BUSTARD","2011-06-27","1.9.0"
"PAMTCM","TARGET_40_PAMTCM_01A_01R",749,261,"BUSTARD","2011-07-18","1.9.0"
"PAPWWC","TARGET_40_PAPWWC_01A_01D",713,248,"BUSTARD","2011-06-04","1.8.0"
"PAPWWC","TARGET_40_PAPWWC_01A_01D",712,248,"BUSTARD","2011-06-04","1.8.0"
"PATEEM","TARGET_40_PATEEM_01A_01WX",715,248,"BUSTARD","2011-06-04","1.8.0"
"PATEEM","TARGET_40_PATEEM_01A_01WX",714,248,"BUSTARD","2011-06-04","1.8.0"
"PATEEM","TARGET_40_PATEEM_01A_01R",722,251,"BUSTARD","2011-06-13","1.8.0"
"PATEEM","TARGET_40_PATEEM_01A_01R",753,261,"BUSTARD","2011-07-18","1.9.0"
"PANZHX","TARGET_40_PANZHX_01A_01D",708,247,"BUSTARD","2011-06-06","1.9.0"
"PANZHX","TARGET_40_PANZHX_01A_01D",707,247,"BUSTARD","2011-06-06","1.9.0"
"PASUUH","TARGET_40_PASUUH_01A_01R",721,251,"BUSTARD","2011-06-13","1.8.0"
"PASUUH","TARGET_40_PASUUH_01A_01R",739,256,"BUSTARD","2011-06-27","1.9.0"
"PASUUH","TARGET_40_PASUUH_01A_01R",750,261,"BUSTARD","2011-07-18","1.9.0"
"PALECC","TARGET_40_PALECC_01A_01R",720,251,"BUSTARD","2011-06-13","1.8.0"
"PALECC","TARGET_40_PALECC_01A_01R",738,256,"BUSTARD","2011-06-27","1.9.0"
"PALECC","TARGET_40_PALECC_01A_01R",752,261,"BUSTARD","2011-07-18","1.9.0"
"PALECC","TARGET_40_PALECC_01A_01D",718,252,"BUSTARD","2011-06-17","1.8.0"
"PALECC","TARGET_40_PALECC_01A_01D",717,252,"BUSTARD","2011-06-17","1.8.0"
"PAKZZK","TARGET_40_PAKZZK_10A_01D",731,249,"BUSTARD","2011-06-11","1.8.0"
"PAKZZK","TARGET_40_PAKZZK_10A_01D",907,333,"BUSTARD","2012-05-07","1.9.4"
"PARBGW","TARGET_40_PARBGW_10A_01D",730,249,"BUSTARD","2011-06-11","1.8.0"
"PARBGW","TARGET_40_PARBGW_10A_01D",897,323,"BUSTARD","2012-04-11","1.9.4"
"PARBGW","TARGET_40_PARBGW_10A_01D",909,333,"BUSTARD","2012-05-07","1.9.4"
"PANGRW","TARGET_40_PANGRW_10A_01WX",737,253,"BUSTARD","2011-06-27","1.9.0"
"PANZZJ","TARGET_40_PANZZJ_10A_01WX",736,253,"BUSTARD","2011-06-27","1.9.0"
"PAMTCM","TARGET_40_PAMTCM_10A_01WX",735,253,"BUSTARD","2011-06-27","1.9.0"
"PAMTCM","TARGET_40_PAMTCM_10A_01WX",799,292,"BUSTARD","2011-11-08","1.9.0"
"PANZHX","TARGET_40_PANZHX_10A_01WX",734,253,"BUSTARD","2011-06-27","1.9.0"
"PAPKWD","TARGET_40_PAPKWD_10A_01WX",733,253,"BUSTARD","2011-06-27","1.9.0"
"PAPWWC","TARGET_40_PAPWWC_10A_01WX",732,253,"BUSTARD","2011-06-27","1.9.0"
"PATEEM","TARGET_40_PATEEM_10A_01WX",747,259,"BUSTARD","2011-07-09","1.9.0"
"PATEEM","TARGET_40_PATEEM_10A_01WX",748,260,"BUSTARD","2011-07-18","1.9.0"
"PASUUH","TARGET_40_PASUUH_10A_01WX",746,259,"BUSTARD","2011-07-09","1.9.0"
"PASUUH","TARGET_40_PASUUH_10A_01WX",802,295,"BUSTARD","2011-11-26","1.9.0"
"PALECC","TARGET_40_PALECC_10A_01D",745,259,"BUSTARD","2011-07-09","1.9.0"
"PAPVYW","TARGET_40_PAPVYW_10A_01WX",744,259,"BUSTARD","2011-07-09","1.9.0"
"PAPVYW","TARGET_40_PAPVYW_10A_01WX",803,295,"BUSTARD","2011-11-26","1.9.0"
"PAMTCM","TARGET_40_PAMTCM_10A_01WX",743,259,"BUSTARD","2011-07-09","1.9.0"
"PANGPE","TARGET_40_PANGPE_01A_01D",767,275,"BUSTARD","2011-08-26","1.9.0"
"PAPFLB","TARGET_40_PAPFLB_01A_01D",766,275,"BUSTARD","2011-08-26","1.9.0"
"PASNZV","TARGET_40_PASNZV_01A_01D",765,275,"BUSTARD","2011-08-26","1.9.0"
"PATMPU","TARGET_40_PATMPU_01A_01D",764,275,"BUSTARD","2011-08-26","1.9.0"
"PATMXR","TARGET_40_PATMXR_01A_01D",763,275,"BUSTARD","2011-08-26","1.9.0"
"PATPBS","TARGET_40_PATPBS_01A_01D",762,275,"BUSTARD","2011-08-26","1.9.0"
"PATUXZ","TARGET_40_PATUXZ_01A_01D",761,275,"BUSTARD","2011-08-26","1.9.0"
"PANGPE","TARGET_40_PANGPE_10A_01D",758,271,"BUSTARD","2011-08-22","1.8.0"
"PAPFLB","TARGET_40_PAPFLB_10A_01D",757,268,"BUSTARD","2011-08-07","1.8.0"
"PAPFLB","TARGET_40_PAPFLB_10A_01D",786,285,"BUSTARD","2011-10-13","1.9.0"
"PAPFLB","TARGET_40_PAPFLB_10A_01D",896,323,"BUSTARD","2012-04-11","1.9.4"
"PASNZV","TARGET_40_PASNZV_10A_01D",756,268,"BUSTARD","2011-08-07","1.8.0"
"PASNZV","TARGET_40_PASNZV_10A_01D",785,285,"BUSTARD","2011-10-13","1.9.0"
"PASNZV","TARGET_40_PASNZV_10A_01D",895,323,"BUSTARD","2012-04-11","1.9.4"
"PATMPU","TARGET_40_PATMPU_10A_01D",755,268,"BUSTARD","2011-08-07","1.8.0"
"PATMPU","TARGET_40_PATMPU_10A_01D",788,285,"BUSTARD","2011-10-13","1.9.0"
"PATMXR","TARGET_40_PATMXR_10A_01D",754,268,"BUSTARD","2011-08-07","1.8.0"
"PATMXR","TARGET_40_PATMXR_10A_01D",787,285,"BUSTARD","2011-10-13","1.9.0"
"PATMXR","TARGET_40_PATMXR_10A_01D",892,316,"BUSTARD","2012-03-12","1.9.0"
"PATMXR","TARGET_40_PATMXR_10A_01D",894,323,"BUSTARD","2012-04-11","1.9.4"
"PATPBS","TARGET_40_PATPBS_10A_01D",760,271,"BUSTARD","2011-08-22","1.8.0"
"PATPBS","TARGET_40_PATPBS_10A_01D",903,327,"BUSTARD","2012-04-17","1.8.0"
"PATUXZ","TARGET_40_PATUXZ_10A_01D",759,271,"BUSTARD","2011-08-22","1.8.0"
"PATUXZ","TARGET_40_PATUXZ_10A_01D",893,323,"BUSTARD","2012-04-11","1.9.4"
"PANGPE","TARGET_40_PANGPE_01A_01R",774,276,"BUSTARD","2011-09-04","1.9.0"
"PANGPE","TARGET_40_PANGPE_01A_01R",775,280,"BUSTARD","2011-09-10","1.9.0"
"PAPFLB","TARGET_40_PAPFLB_01A_01R",773,276,"BUSTARD","2011-09-04","1.9.0"
"PAPFLB","TARGET_40_PAPFLB_01A_01R",776,280,"BUSTARD","2011-09-10","1.9.0"
"PASNZV","TARGET_40_PASNZV_01A_01R",772,276,"BUSTARD","2011-09-04","1.9.0"
"PASNZV","TARGET_40_PASNZV_01A_01R",777,280,"BUSTARD","2011-09-10","1.9.0"
"PATMPU","TARGET_40_PATMPU_01A_01R",771,276,"BUSTARD","2011-09-04","1.9.0"
"PATMPU","TARGET_40_PATMPU_01A_01R",778,280,"BUSTARD","2011-09-10","1.9.0"
"PATMXR","TARGET_40_PATMXR_01A_01R",770,276,"BUSTARD","2011-09-04","1.9.0"
"PATMXR","TARGET_40_PATMXR_01A_01R",779,280,"BUSTARD","2011-09-10","1.9.0"
"PATPBS","TARGET_40_PATPBS_01A_01R",769,276,"BUSTARD","2011-09-04","1.9.0"
"PATPBS","TARGET_40_PATPBS_01A_01R",780,280,"BUSTARD","2011-09-10","1.9.0"
"PATUXZ","TARGET_40_PATUXZ_01A_01R",768,276,"BUSTARD","2011-09-04","1.9.0"
"PATUXZ","TARGET_40_PATUXZ_01A_01R",781,280,"BUSTARD","2011-09-10","1.9.0"
"0A4HLD","TARGET-40-0A4HLD-01A-01D",831,301,"BUSTARD","2012-02-11","1.9.0"
"0A4HLD","TARGET-40-0A4HLD-01A-01D",876,318,"BUSTARD","2012-03-13","1.9.4"
"0A4HLQ","TARGET-40-0A4HLQ-10A-01D",830,301,"BUSTARD","2012-02-11","1.9.0"
"0A4HLQ","TARGET-40-0A4HLQ-10A-01D",875,318,"BUSTARD","2012-03-13","1.9.4"
"0A4HMJ","TARGET-40-0A4HMJ-01A-01D",26442,301,"BUSTARD","2012-02-11","1.9.0"
"0A4HMJ","TARGET-40-0A4HMJ-01A-01D",26454,318,"BUSTARD","2012-03-13","1.9.4"
"0A4HMJ","TARGET-40-0A4HMJ-01A-01D",26455,333,"BUSTARD","2012-05-07","1.9.4"
"0A4HX8","TARGET-40-0A4HX8-01A-01D",829,301,"BUSTARD","2012-02-11","1.9.0"
"0A4HX8","TARGET-40-0A4HX8-01A-01D",874,318,"BUSTARD","2012-03-13","1.9.4"
"0A4HXG","TARGET-40-0A4HXG-01A-01D",26440,297,"BUSTARD","2011-12-15","1.9.0"
"0A4HYB","TARGET-40-0A4HYB-10A-01D",26441,297,"BUSTARD","2011-12-15","1.9.0"
"0A4HZR","TARGET-40-0A4HZR-10A-01D",826,297,"BUSTARD","2011-12-15","1.9.0"
"0A4I0W","TARGET-40-0A4I0W-01A-01D",825,297,"BUSTARD","2011-12-15","1.9.0"
"0A4I3S","TARGET-40-0A4I3S-01A-01D",823,297,"BUSTARD","2011-12-15","1.9.0"
"0A4I40","TARGET-40-0A4I40-01A-01D",26439,297,"BUSTARD","2011-12-15","1.9.0"
"0A4I42","TARGET-40-0A4I42-01A-01D",822,297,"BUSTARD","2011-12-15","1.9.0"
"0A4I42","TARGET-40-0A4I42-01A-01D",27107,502,"BUSTARD","2013-06-07","1.9.4"
"0A4I44","TARGET-40-0A4I44-01A-01D",26438,297,"BUSTARD","2011-12-15","1.9.0"
"0A4I48","TARGET-40-0A4I48-01A-01D",819,297,"BUSTARD","2011-12-15","1.9.0"
"0A4I4E","TARGET-40-0A4I4E-01A-01D",820,297,"BUSTARD","2011-12-15","1.9.0"
"0A4I65","TARGET-40-0A4I65-01A-01D",818,297,"BUSTARD","2011-12-15","1.9.0"
"0A4I8U","TARGET-40-0A4I8U-01A-01D",817,297,"BUSTARD","2011-12-15","1.9.0"
"0A4I0S","TARGET-40-0A4I0S-01A-01D",814,297,"BUSTARD","2011-12-15","1.9.0"
"0A4I4M","TARGET-40-0A4I4M-01A-01D",815,297,"BUSTARD","2011-12-15","1.9.0"
"0A4I5B","TARGET-40-0A4I5B-01A-01D",812,297,"BUSTARD","2011-12-15","1.9.0"
"0A4I4O","TARGET-40-0A4I4O-01A-01D",810,297,"BUSTARD","2011-12-15","1.9.0"
"0A4HLD","TARGET-40-0A4HLD-10A-01D",807,297,"BUSTARD","2011-12-15","1.9.0"
"0A4HLQ","TARGET-40-0A4HLQ-10A-01D",808,297,"BUSTARD","2011-12-15","1.9.0"
"0A4HMJ","TARGET-40-0A4HMJ-10A-01D",26437,297,"BUSTARD","2011-12-15","1.9.0"
"0A4HX8","TARGET-40-0A4HX8-10A-01D",805,297,"BUSTARD","2011-12-15","1.9.0"
"PAKUZU","TARGET-40-PAKUZU-10A-01D",813,297,"BUSTARD","2011-12-15","1.9.0"
"PAPIJR","TARGET-40-PAPIJR-10A-01D",816,297,"BUSTARD","2011-12-15","1.9.0"
"PAKUZU","TARGET-40-PAKUZU-01A-01D",811,297,"BUSTARD","2011-12-15","1.9.0"
"PAPIJR","TARGET-40-PAPIJR-01A-01D",809,297,"BUSTARD","2011-12-15","1.9.0"
"0A4I9I","TARGET-40-0A4I9I-01A-01D",26448,311,"BUSTARD","2012-02-15","1.9.0"
"0A4I9K","TARGET-40-0A4I9K-01A-01D",857,311,"BUSTARD","2012-02-15","1.9.0"
"0A4HMC","TARGET-40-0A4HMC-01A-01D",853,311,"BUSTARD","2012-02-15","1.9.0"
"0A4HMC","TARGET-40-0A4HMC-01A-01D",911,333,"BUSTARD","2012-05-07","1.9.4"
"0A4HY5","TARGET-40-0A4HY5-01A-01D",852,311,"BUSTARD","2012-02-15","1.9.0"
"0A4HXG","TARGET-40-0A4HXG-10A-01D",26447,311,"BUSTARD","2012-02-15","1.9.0"
"0A4HYB","TARGET-40-0A4HYB-10A-01D",26446,311,"BUSTARD","2012-02-15","1.9.0"
"0A4HZR","TARGET-40-0A4HZR-10A-01D",850,311,"BUSTARD","2012-02-15","1.9.0"
"0A4I0W","TARGET-40-0A4I0W-10A-01D",849,311,"BUSTARD","2012-02-15","1.9.0"
"0A4I3S","TARGET-40-0A4I3S-10A-01D",847,306,"BUSTARD","2012-01-25","1.9.0"
"0A4I3S","TARGET-40-0A4I3S-10A-01D",912,333,"BUSTARD","2012-05-07","1.9.4"
"0A4I40","TARGET-40-0A4I40-10A-01D",26445,306,"BUSTARD","2012-01-25","1.9.0"
"0A4I42","TARGET-40-0A4I42-10A-01D",846,306,"BUSTARD","2012-01-25","1.9.0"
"0A4I44","TARGET-40-0A4I44-10A-01D",26444,306,"BUSTARD","2012-01-25","1.9.0"
"0A4I48","TARGET-40-0A4I48-10A-01D",844,306,"BUSTARD","2012-01-25","1.9.0"
"0A4I4E","TARGET-40-0A4I4E-10A-01D",845,306,"BUSTARD","2012-01-25","1.9.0"
"0A4I65","TARGET-40-0A4I65-10A-01D",841,306,"BUSTARD","2012-01-25","1.9.0"
"0A4I65","TARGET-40-0A4I65-10A-01D",916,333,"BUSTARD","2012-05-07","1.9.4"
"0A4I8U","TARGET-40-0A4I8U-10A-01D",840,306,"BUSTARD","2012-01-25","1.9.0"
"0A4I8U","TARGET-40-0A4I8U-10A-01D",915,333,"BUSTARD","2012-05-07","1.9.4"
"0A4I9I","TARGET-40-0A4I9I-10A-01D",26443,306,"BUSTARD","2012-01-25","1.9.0"
"0A4I9I","TARGET-40-0A4I9I-10A-01D",26456,333,"BUSTARD","2012-05-07","1.9.4"
"0A4I9K","TARGET-40-0A4I9K-10A-01D",839,306,"BUSTARD","2012-01-25","1.9.0"
"0A4HMC","TARGET-40-0A4HMC-10A-01D",838,306,"BUSTARD","2012-01-25","1.9.0"
"0A4HY5","TARGET-40-0A4HY5-10A-01D",837,306,"BUSTARD","2012-01-25","1.9.0"
"0A4I0S","TARGET-40-0A4I0S-10A-01D",835,306,"BUSTARD","2012-01-25","1.9.0"
"0A4I4M","TARGET-40-0A4I4M-10A-01D",836,306,"BUSTARD","2012-01-25","1.9.0"
"0A4I4O","TARGET-40-0A4I4O-10A-01D",834,306,"BUSTARD","2012-01-25","1.9.0"
"0A4I5B","TARGET-40-0A4I5B-10A-01D",833,306,"BUSTARD","2012-01-25","1.9.0"
"PAKUZU","TARGET-40-PAKUZU-01A-01R",855,311,"BUSTARD","2012-02-15","1.9.0"
"0A4I4M","TARGET-40-0A4I4M-01A-01R",860,311,"BUSTARD","2012-02-15","1.9.0"
"0A4I9I","TARGET-40-0A4I9I-01A-01R",26449,311,"BUSTARD","2012-02-15","1.9.0"
"0A4I8U","TARGET-40-0A4I8U-01A-01R",859,311,"BUSTARD","2012-02-15","1.9.0"
"0A4I65","TARGET-40-0A4I65-01A-01R",863,311,"BUSTARD","2012-02-15","1.9.0"
"0A4I44","TARGET-40-0A4I44-01A-01R",26450,311,"BUSTARD","2012-02-15","1.9.0"
"0A4I48","TARGET-40-0A4I48-01A-01R",862,311,"BUSTARD","2012-02-15","1.9.0"
"0A4I42","TARGET-40-0A4I42-01A-01R",865,311,"BUSTARD","2012-02-15","1.9.0"
"0A4I3S","TARGET-40-0A4I3S-01A-01R",866,311,"BUSTARD","2012-02-15","1.9.0"
"0A4I0W","TARGET-40-0A4I0W-01A-01R",864,311,"BUSTARD","2012-02-15","1.9.0"
"0A4HZR","TARGET-40-0A4HZR-01A-01R",867,311,"BUSTARD","2012-02-15","1.9.0"
"0A4HYB","TARGET-40-0A4HYB-01A-01R",26452,311,"BUSTARD","2012-02-15","1.9.0"
"0A4HXG","TARGET-40-0A4HXG-01A-01R",26451,311,"BUSTARD","2012-02-15","1.9.0"
"0A4HX8","TARGET-40-0A4HX8-01A-01R",870,317,"BUSTARD","2012-03-15","1.9.4"
"0A4HMJ","TARGET-40-0A4HMJ-01A-01R",26453,317,"BUSTARD","2012-03-15","1.9.4"
"0A4HLQ","TARGET-40-0A4HLQ-01A-01R",873,317,"BUSTARD","2012-03-15","1.9.4"
"0A4HLD","TARGET-40-0A4HLD-01A-01R",872,317,"BUSTARD","2012-03-15","1.9.4"
"PAMTCM","TARGET_40_PAMTCM_01A_01D",890,319,"BUSTARD","2012-03-17","1.9.4"
"PAPWWC","TARGET_40_PAPWWC_01A_01D",891,319,"BUSTARD","2012-03-17","1.9.4"
"PANZHX","TARGET_40_PANZHX_01A_01D",889,319,"BUSTARD","2012-03-17","1.9.4"
"PANZHX","TARGET_40_PANZHX_01A_01D",26972,491,"BUSTARD","2013-05-22","1.9.4"
"PAPKWD","TARGET_40_PAPKWD_01A_01D",886,319,"BUSTARD","2012-03-17","1.9.4"
"PAPVYW","TARGET_40_PAPVYW_01A_01D",887,319,"BUSTARD","2012-03-17","1.9.4"
"PAPVYW","TARGET_40_PAPVYW_01A_01D",26971,491,"BUSTARD","2013-05-22","1.9.4"
"PANGRW","TARGET_40_PANGRW_01A_02D",888,319,"BUSTARD","2012-03-17","1.9.4"
"PASUUH","TARGET_40_PASUUH_01A_01D",885,319,"BUSTARD","2012-03-17","1.9.4"
"PAMEKS","TARGET_40_PAMEKS_01A_01D",884,319,"BUSTARD","2012-03-17","1.9.4"
"0A4HMC","TARGET-40-0A4HMC-01A-01R",934,348,"BUSTARD","2011-06-14","1.9.4"
"0A4HY5","TARGET-40-0A4HY5-01A-01R",933,348,"BUSTARD","2011-06-14","1.9.4"
"0A4I0S","TARGET-40-0A4I0S-01A-01R",931,348,"BUSTARD","2011-06-14","1.9.4"
"0A4I4O","TARGET-40-0A4I4O-01A-01R",932,348,"BUSTARD","2011-06-14","1.9.4"
"0A4I5B","TARGET-40-0A4I5B-01A-01R",930,348,"BUSTARD","2011-06-14","1.9.4"
"0A4I4E","TARGET-40-0A4I4E-01A-01R_B",923,341,"BUSTARD","2012-05-24","1.9.4"
"0A4I9K","TARGET-40-0A4I9K-01A-01R",924,341,"BUSTARD","2012-05-24","1.9.4"
"PAPIJR","TARGET-40-PAPIJR-01A-01R",922,341,"BUSTARD","2012-05-24","1.9.4"
"0A4I40","TARGET-40-0A4I40-01A-01R",26457,341,"BUSTARD","2012-05-24","1.9.4"
"PATMIF","TARGET-40-PATMIF-01A-01R",921,334,"BUSTARD","2012-05-07","1.9.4"
"0A4HXS","TARGET-40-0A4HXS-01A-01R",920,334,"BUSTARD","2012-05-07","1.9.4"
"0A4I0Q","TARGET-40-0A4I0Q-01A-01R",919,334,"BUSTARD","2012-05-07","1.9.4"
"0A4I6O","TARGET-40-0A4I6O-01A-01R",918,334,"BUSTARD","2012-05-07","1.9.4"
"0A4HLD","TARGET-40-0A4HLD-10A-01D",954,372,"BUSTARD","2012-07-30","1.9.4"
"0A4HLD","TARGET-40-0A4HLD-10A-01D",946,372,"BUSTARD","2012-07-30","1.9.4"
"0A4HLD","TARGET-40-0A4HLD-10A-01D",984,385,"BUSTARD","2012-08-29","1.9.4"
"0A4I5B","TARGET-40-0A4I5B-01A-01D",957,372,"BUSTARD","2012-07-30","1.9.4"
"0A4I5B","TARGET-40-0A4I5B-01A-01D",949,372,"BUSTARD","2012-07-30","1.9.4"
"0A4I5B","TARGET-40-0A4I5B-01A-01D",987,385,"BUSTARD","2012-08-29","1.9.4"
"0A4I40","TARGET-40-0A4I40-01A-01D",26462,372,"BUSTARD","2012-07-30","1.9.4"
"0A4I40","TARGET-40-0A4I40-01A-01D",26460,372,"BUSTARD","2012-07-30","1.9.4"
"0A4I40","TARGET-40-0A4I40-01A-01D",26467,385,"BUSTARD","2012-08-29","1.9.4"
"0A4HX8","TARGET-40-0A4HX8-10A-01D",950,372,"BUSTARD","2012-07-30","1.9.4"
"0A4HX8","TARGET-40-0A4HX8-10A-01D",942,372,"BUSTARD","2012-07-30","1.9.4"
"0A4HX8","TARGET-40-0A4HX8-10A-01D",980,385,"BUSTARD","2012-08-29","1.9.4"
"0A4I44","TARGET-40-0A4I44-01A-01D",26463,372,"BUSTARD","2012-07-30","1.9.4"
"0A4I44","TARGET-40-0A4I44-01A-01D",26461,372,"BUSTARD","2012-07-30","1.9.4"
"0A4I44","TARGET-40-0A4I44-01A-01D",26468,385,"BUSTARD","2012-08-29","1.9.4"
"0A4I4M","TARGET-40-0A4I4M-01A-01D",956,372,"BUSTARD","2012-07-30","1.9.4"
"0A4I4M","TARGET-40-0A4I4M-01A-01D",948,372,"BUSTARD","2012-07-30","1.9.4"
"0A4I4M","TARGET-40-0A4I4M-01A-01D",986,385,"BUSTARD","2012-08-29","1.9.4"
"0A4I4O","TARGET-40-0A4I4O-01A-01D",953,372,"BUSTARD","2012-07-30","1.9.4"
"0A4I4O","TARGET-40-0A4I4O-01A-01D",945,372,"BUSTARD","2012-07-30","1.9.4"
"0A4I4O","TARGET-40-0A4I4O-01A-01D",983,385,"BUSTARD","2012-08-29","1.9.4"
"0A4HLQ","TARGET-40-0A4HLQ-10A-01D",951,372,"BUSTARD","2012-07-30","1.9.4"
"0A4HLQ","TARGET-40-0A4HLQ-10A-01D",943,372,"BUSTARD","2012-07-30","1.9.4"
"0A4HLQ","TARGET-40-0A4HLQ-10A-01D",981,385,"BUSTARD","2012-08-29","1.9.4"
"0A4HMJ","TARGET-40-0A4HMJ-01A-01D",26459,361,"BUSTARD","2012-07-05","1.9.4"
"0A4HMJ","TARGET-40-0A4HMJ-01A-01D",26465,372,"BUSTARD","2012-07-30","1.9.4"
"0A4HMJ","TARGET-40-0A4HMJ-01A-01D",26470,385,"BUSTARD","2012-08-29","1.9.4"
"0A4HMJ","TARGET-40-0A4HMJ-01A-01D",26474,462,"BUSTARD","2013-02-21","1.9.4"
"0A4HMJ","TARGET-40-0A4HMJ-10A-01D",26458,361,"BUSTARD","2012-07-05","1.9.4"
"0A4HMJ","TARGET-40-0A4HMJ-10A-01D",26464,372,"BUSTARD","2012-07-30","1.9.4"
"0A4HMJ","TARGET-40-0A4HMJ-10A-01D",26469,385,"BUSTARD","2012-08-29","1.9.4"
"0A4HY5","TARGET-40-0A4HY5-01A-01D",936,361,"BUSTARD","2012-07-05","1.9.4"
"0A4HY5","TARGET-40-0A4HY5-01A-01D",960,372,"BUSTARD","2012-07-30","1.9.4"
"0A4HY5","TARGET-40-0A4HY5-01A-01D",989,385,"BUSTARD","2012-08-29","1.9.4"
"0A4HY5","TARGET-40-0A4HY5-01A-01D",26263,465,"BUSTARD","2013-03-07","1.9.4"
"0A4I3S","TARGET-40-0A4I3S-01A-01D",927,336,"BUSTARD","2012-05-11","1.9.4"
"0A4I3S","TARGET-40-0A4I3S-01A-01D",26264,465,"BUSTARD","2013-03-07","1.9.4"
"0A4I3S","TARGET-40-0A4I3S-10A-01D",928,336,"BUSTARD","2012-05-11","1.9.4"
"0A4I3S","TARGET-40-0A4I3S-10A-01D",940,361,"BUSTARD","2012-07-05","1.9.4"
"0A4I3S","TARGET-40-0A4I3S-10A-01D",959,372,"BUSTARD","2012-07-30","1.9.4"
"0A4I0S","TARGET-40-0A4I0S-10A-01D",926,336,"BUSTARD","2012-05-11","1.9.4"
"0A4I0S","TARGET-40-0A4I0S-10A-01D",958,372,"BUSTARD","2012-07-30","1.9.4"
"0A4I0S","TARGET-40-0A4I0S-10A-01D",988,385,"BUSTARD","2012-08-29","1.9.4"
"0A4I0S","TARGET-40-0A4I0S-10A-01D",26265,465,"BUSTARD","2013-03-07","1.9.4"
"0A4HY5","TARGET-40-0A4HY5-01A-01D",929,336,"BUSTARD","2012-05-11","1.9.4"
"PARKAF","TARGET_40_PARKAF_01A_01D",974,379,"BUSTARD","2012-08-14","1.9.4"
"PANVJJ","TARGET_40_PANVJJ_01A_01WX",975,379,"BUSTARD","2012-08-14","1.9.4"
"0A4I42","TARGET-40-0A4I42-01A-01D",976,379,"BUSTARD","2012-08-14","1.9.4"
"0A4I0S","TARGET-40-0A4I0S-01A-01D",969,379,"BUSTARD","2012-08-14","1.9.4"
"PARBGW","TARGET_40_PARBGW_01A_01WX",978,379,"BUSTARD","2012-08-14","1.9.4"
"PAKZZK","TARGET_40_PAKZZK_01A_01WX",968,379,"BUSTARD","2012-08-14","1.9.4"
"PANZZJ","TARGET_40_PANZZJ_01A_01WX",973,379,"BUSTARD","2012-08-14","1.9.4"
"PATEEM","TARGET_40_PATEEM_01A_01WX",971,379,"BUSTARD","2012-08-14","1.9.4"
"0A4HMJ","TARGET-40-0A4HMJ-10A-01D",26466,379,"BUSTARD","2012-08-14","1.9.4"
"0A4I42","TARGET-40-0A4I42-10A-01D",967,379,"BUSTARD","2012-08-14","1.9.4"
"0A4I3S","TARGET-40-0A4I3S-10A-01D",977,379,"BUSTARD","2012-08-14","1.9.4"
"0A4I42","TARGET-40-0A4I42-01A-01D",965,379,"BUSTARD","2012-08-14","1.9.4"
"0A4I42","TARGET-40-0A4I42-10A-01D",966,379,"BUSTARD","2012-08-14","1.9.4"
"0A4I3S","TARGET-40-0A4I3S-01A-01D",970,379,"BUSTARD","2012-08-14","1.9.4"
"0A4HY5","TARGET-40-0A4HY5-10A-01D",963,378,"BUSTARD","2012-08-13","1.9.4"
"0A4HY5","TARGET-40-0A4HY5-10A-01D",26710,477,"BUSTARD","2013-04-29","1.9.4"
"0A4I0S","TARGET-40-0A4I0S-10A-01D",964,378,"BUSTARD","2012-08-13","1.9.4"
"0A4HMC","TARGET-40-0A4HMC-10A-01D",979,380,"BUSTARD","2011-08-23","1.9.4"
"0A4HMC","TARGET-40-0A4HMC-10A-01D",1011,398,"BUSTARD","2012-09-23","1.9.4"
"0A4I8U","TARGET-40-0A4I8U-01A-01D",998,392,"BUSTARD","2012-09-10","1.9.4"
"0A4I8U","TARGET-40-0A4I8U-01A-01D",1034,442,"BUSTARD","2013-01-03","1.9.4"
"0A4I8U","TARGET-40-0A4I8U-10A-01D",997,392,"BUSTARD","2012-09-10","1.9.4"
"PAPIJR","TARGET-40-PAPIJR-01A-01D",996,392,"BUSTARD","2012-09-10","1.9.4"
"PAPIJR","TARGET-40-PAPIJR-01A-01D",1035,442,"BUSTARD","2013-01-03","1.9.4"
"PAPIJR","TARGET-40-PAPIJR-10A-01D",995,392,"BUSTARD","2012-09-10","1.9.4"
"PAMLKS","TARGET_40_PAMLKS_10A_01D",994,392,"BUSTARD","2012-09-10","1.9.4"
"PAMYYJ","TARGET_40_PAMYYJ_01A_01D",993,392,"BUSTARD","2012-09-10","1.9.4"
"PAMYYJ","TARGET_40_PAMYYJ_01A_01D",1036,442,"BUSTARD","2013-01-03","1.9.4"
"PANSEN","TARGET_40_PANSEN_01A_01D",992,392,"BUSTARD","2012-09-10","1.9.4"
"PANSEN","TARGET_40_PANSEN_01A_01D",1037,442,"BUSTARD","2013-01-03","1.9.4"
"PANSEN","TARGET_40_PANSEN_10A_01D",1003,399,"BUSTARD","2012-09-23","1.9.4"
"PASEBY","TARGET_40_PASEBY_01A_01D",1002,399,"BUSTARD","2012-09-23","1.9.4"
"PASEBY","TARGET_40_PASEBY_01A_01D",1038,442,"BUSTARD","2013-01-03","1.9.4"
"PASEBY","TARGET_40_PASEBY_01A_01D",29457,556,"BUSTARD","2013-10-07","1.9.4"
"PASEBY","TARGET_40_PASEBY_01A_01D",29456,556,"BUSTARD","2013-10-07","1.9.4"
"PASEBY","TARGET_40_PASEBY_10A_01D",1001,399,"BUSTARD","2012-09-23","1.9.4"
"PASKZZ","TARGET_40_PASKZZ_10A_01D",1000,399,"BUSTARD","2012-09-23","1.9.4"
"PASSLM","TARGET_40_PASSLM_10A_01D",999,399,"BUSTARD","2012-09-23","1.9.4"
"PATMIF","TARGET-40-PATMIF-01A-01WX",1014,398,"BUSTARD","2012-09-23","1.9.4"
"0A4HXS","TARGET-40-0A4HXS-01A-01WX",1015,398,"BUSTARD","2012-09-23","1.9.4"
"0A4I0Q","TARGET-40-0A4I0Q-01A-01WX",1012,398,"BUSTARD","2012-09-23","1.9.4"
"0A4I6O","TARGET-40-0A4I6O-01A-01WX",1007,398,"BUSTARD","2012-09-23","1.9.4"
"PATMIF","TARGET-40-PATMIF-10A-01D",1010,398,"BUSTARD","2012-09-23","1.9.4"
"0A4HXS","TARGET-40-0A4HXS-10A-01D",1013,398,"BUSTARD","2012-09-23","1.9.4"
"0A4I0Q","TARGET-40-0A4I0Q-10A-01D",1009,398,"BUSTARD","2012-09-23","1.9.4"
"0A4I6O","TARGET-40-0A4I6O-10A-01D",1008,398,"BUSTARD","2012-09-23","1.9.4"
"PAMLKS","TARGET_40_PAMLKS_01A_01D",1006,398,"BUSTARD","2012-09-23","1.9.4"
"PAMLKS","TARGET_40_PAMLKS_01A_01D",1039,442,"BUSTARD","2013-01-03","1.9.4"
"PAMLKS","TARGET_40_PAMLKS_01A_01D",15440,462,"BUSTARD","2013-02-21","1.9.4"
"PASKZZ","TARGET_40_PASKZZ_01A_01D",1004,398,"BUSTARD","2012-09-23","1.9.4"
"PASKZZ","TARGET_40_PASKZZ_01A_01D",15439,462,"BUSTARD","2013-02-21","1.9.4"
"PASSLM","TARGET_40_PASSLM_01A_01D",1005,398,"BUSTARD","2012-09-23","1.9.4"
"PASSLM","TARGET_40_PASSLM_01A_01D",1028,435,"BUSTARD","2012-12-13","1.9.4"
"PAMHYN","TARGET_40_PAMHYN_01A_01D",1016,407,"BUSTARD","2012-10-11","1.9.4"
"PAMHYN","TARGET_40_PAMHYN_01A_01D",26967,490,"BUSTARD","2013-05-22","1.9.4"
"PAMHYN","TARGET_40_PAMHYN_01A_01D",27125,503,"BUSTARD","2013-06-07","1.9.4"
"PAMYYJ","TARGET_40_PAMYYJ_10A_01D",1018,407,"BUSTARD","2012-10-11","1.9.4"
"PAMHYN","TARGET_40_PAMHYN_10A_01D",1017,407,"BUSTARD","2012-10-11","1.9.4"
"PALKGN","TARGET_40_PALKGN_10A_01D",1020,407,"BUSTARD","2012-10-11","1.9.4"
"PALKGN","TARGET_40_PALKGN_01A_01D",1019,407,"BUSTARD","2012-10-11","1.9.4"
"PALKGN","TARGET_40_PALKGN_01A_01D",26968,491,"BUSTARD","2013-05-22","1.9.4"
"PASEFS","TARGET_40_PASEFS_10A_01D",1027,404,"BUSTARD","2012-10-09","1.9.4"
"PASEFS","TARGET_40_PASEFS_01A_01D",1026,404,"BUSTARD","2012-10-09","1.9.4"
"PASEFS","TARGET_40_PASEFS_01A_01D",15437,462,"BUSTARD","2013-02-21","1.9.4"
"PARFTG","TARGET_40_PARFTG_01A_01D",1025,404,"BUSTARD","2012-10-09","1.9.4"
"PARFTG","TARGET_40_PARFTG_01A_01D",15438,462,"BUSTARD","2013-02-21","1.9.4"
"PARFTG","TARGET_40_PARFTG_10A_01D",1024,404,"BUSTARD","2012-10-09","1.9.4"
"PALECC","TARGET_40_PALECC_01A_01D",1023,404,"BUSTARD","2012-10-09","1.9.4"
"PALECC","TARGET_40_PALECC_01A_01D",26969,491,"BUSTARD","2013-05-22","1.9.4"
"PALECC","TARGET_40_PALECC_10A_01D",1022,404,"BUSTARD","2012-10-09","1.9.4"
"PAKUZU","TARGET-40-PAKUZU-01A-01D",1021,404,"BUSTARD","2012-10-09","1.9.4"
"PAKUZU","TARGET-40-PAKUZU-01A-01D",26970,491,"BUSTARD","2013-05-22","1.9.4"
"PAKUZU","TARGET-40-PAKUZU-01A-01D",28611,526,"BUSTARD","2013-07-01","1.9.4"
"PAKUZU","TARGET-40-PAKUZU-10A-01D",1033,435,"BUSTARD","2012-12-13","1.9.4"
"0A4HZR","TARGET-40-0A4HZR-01A-01D",1032,435,"BUSTARD","2012-12-13","1.9.4"
"0A4HZR","TARGET-40-0A4HZR-01A-01D",15435,462,"BUSTARD","2013-02-21","1.9.4"
"0A4HZR","TARGET-40-0A4HZR-10A-01D",1031,435,"BUSTARD","2012-12-13","1.9.4"
"0A4HXG","TARGET-40-0A4HXG-01A-01D",26472,435,"BUSTARD","2012-12-13","1.9.4"
"0A4HXG","TARGET-40-0A4HXG-01A-01D",26473,462,"BUSTARD","2013-02-21","1.9.4"
"0A4HXG","TARGET-40-0A4HXG-10A-01D",26471,435,"BUSTARD","2012-12-13","1.9.4"
"PATKSS","TARGET-40-PATKSS-01A-01D",1064,455,"BUSTARD","2013-01-28","1.9.4"
"PATKSS","TARGET-40-PATKSS-01A-01D",1057,455,"BUSTARD","2013-01-28","1.9.4"
"PAUTWB","TARGET-40-PAUTWB-01A-01D",1067,455,"BUSTARD","2013-01-28","1.9.4"
"PAUTWB","TARGET-40-PAUTWB-01A-01D",1060,455,"BUSTARD","2013-01-28","1.9.4"
"PAUTYB","TARGET-40-PAUTYB-01A-01D",1068,455,"BUSTARD","2013-01-28","1.9.4"
"PAUTYB","TARGET-40-PAUTYB-01A-01D",1061,455,"BUSTARD","2013-01-28","1.9.4"
"PAUUML","TARGET-40-PAUUML-01A-01D",1062,455,"BUSTARD","2013-01-28","1.9.4"
"PAUUML","TARGET-40-PAUUML-01A-01D",1055,455,"BUSTARD","2013-01-28","1.9.4"
"PAUVUL","TARGET-40-PAUVUL-01A-01D",1065,455,"BUSTARD","2013-01-28","1.9.4"
"PAUVUL","TARGET-40-PAUVUL-01A-01D",1058,455,"BUSTARD","2013-01-28","1.9.4"
"PAUXPZ","TARGET-40-PAUXPZ-01A-01D",1063,455,"BUSTARD","2013-01-28","1.9.4"
"PAUXPZ","TARGET-40-PAUXPZ-01A-01D",1056,455,"BUSTARD","2013-01-28","1.9.4"
"PAUYTT","TARGET-40-PAUYTT-01A-01D",1066,455,"BUSTARD","2013-01-28","1.9.4"
"PAUYTT","TARGET-40-PAUYTT-01A-01D",1059,455,"BUSTARD","2013-01-28","1.9.4"
"PAVALD","TARGET-40-PAVALD-01A-01D",1053,455,"BUSTARD","2013-01-28","1.9.4"
"PAVALD","TARGET-40-PAVALD-01A-01D",1047,455,"BUSTARD","2013-01-28","1.9.4"
"PAVCLP","TARGET-40-PAVCLP-01A-01D",1051,455,"BUSTARD","2013-01-28","1.9.4"
"PAVCLP","TARGET-40-PAVCLP-01A-01D",1045,455,"BUSTARD","2013-01-28","1.9.4"
"PAVDTY","TARGET-40-PAVDTY-01A-01D",1052,455,"BUSTARD","2013-01-28","1.9.4"
"PAVDTY","TARGET-40-PAVDTY-01A-01D",1046,455,"BUSTARD","2013-01-28","1.9.4"
"PAVECB","TARGET-40-PAVECB-01A-01D",1054,455,"BUSTARD","2013-01-28","1.9.4"
"PAVECB","TARGET-40-PAVECB-01A-01D",1048,455,"BUSTARD","2013-01-28","1.9.4"
"PATXFN","TARGET-40-PATXFN-01A-01WX",1050,455,"BUSTARD","2013-01-28","1.9.4"
"PATXFN","TARGET-40-PATXFN-01A-01WX",1044,455,"BUSTARD","2013-01-28","1.9.4"
"PAUBIT","TARGET-40-PAUBIT-01A-01D",1049,455,"BUSTARD","2013-01-28","1.9.4"
"PAUBIT","TARGET-40-PAUBIT-01A-01D",1043,455,"BUSTARD","2013-01-28","1.9.4"
"PAPVYW","TARGET_40_PAPVYW_10A_01D",26284,455,"BUSTARD","2013-01-28","1.9.4"
"PAPVYW","TARGET_40_PAPVYW_01A_01D",26283,455,"BUSTARD","2013-01-28","1.9.4"
"PAPVYW","TARGET_40_PAPVYW_01A_01D",28609,526,"BUSTARD","2013-07-01","1.9.4"
"PANZHX","TARGET_40_PANZHX_10A_01D",26282,455,"BUSTARD","2013-01-28","1.9.4"
"PANZHX","TARGET_40_PANZHX_01A_01D",26291,454,"BUSTARD","2013-01-28","1.9.4"
"PATAWV","TARGET_40_PATAWV_10A_01D",26290,454,"BUSTARD","2013-01-28","1.9.4"
"PATAWV","TARGET_40_PATAWV_01A_01D",26289,454,"BUSTARD","2013-01-28","1.9.4"
"PATAWV","TARGET_40_PATAWV_01A_01D",26973,491,"BUSTARD","2013-05-22","1.9.4"
"PAMRHD","TARGET_40_PAMRHD_10A_01D",26288,454,"BUSTARD","2013-01-28","1.9.4"
"PAMRHD","TARGET_40_PAMRHD_01A_01D",26287,454,"BUSTARD","2013-01-28","1.9.4"
"PAMRHD","TARGET_40_PAMRHD_01A_01D",26974,491,"BUSTARD","2013-05-22","1.9.4"
"PANZZJ","TARGET_40_PANZZJ_10A_01D",26286,454,"BUSTARD","2013-01-28","1.9.4"
"PANZZJ","TARGET_40_PANZZJ_01A_01D",26285,454,"BUSTARD","2013-01-28","1.9.4"
"PANZZJ","TARGET_40_PANZZJ_01A_01D",26965,490,"BUSTARD","2013-05-22","1.9.4"
"PANZZJ","TARGET_40_PANZZJ_01A_01D",28612,526,"BUSTARD","2013-07-01","1.9.4"
"PASYUK","TARGET_40_PASYUK_10A_01D",26295,465,"BUSTARD","2013-03-07","1.9.4"
"PASYUK","TARGET_40_PASYUK_01A_01D",26294,465,"BUSTARD","2013-03-07","1.9.4"
"PASYUK","TARGET_40_PASYUK_01A_01D",26966,490,"BUSTARD","2013-05-22","1.9.4"
"PASYUK","TARGET_40_PASYUK_01A_01D",28610,526,"BUSTARD","2013-07-01","1.9.4"
"PASUUH","TARGET_40_PASUUH_10A_01D",26293,465,"BUSTARD","2013-03-07","1.9.4"
"PASUUH","TARGET_40_PASUUH_01A_01D",26292,465,"BUSTARD","2013-03-07","1.9.4"
"PASUUH","TARGET_40_PASUUH_01A_01D",26752,478,"BUSTARD","2013-04-29","1.9.4"
"PATKSS","TARGET-40-PATKSS-01A-01D",26357,469,"BUSTARD","2013-03-25","1.9.4"
"PATKSS","TARGET-40-PATKSS-01A-01D",26350,469,"BUSTARD","2013-03-25","1.9.4"
"PAUTWB","TARGET-40-PAUTWB-01A-01D",26360,469,"BUSTARD","2013-03-25","1.9.4"
"PAUTWB","TARGET-40-PAUTWB-01A-01D",26353,469,"BUSTARD","2013-03-25","1.9.4"
"PAUTYB","TARGET-40-PAUTYB-01A-01D",26355,469,"BUSTARD","2013-03-25","1.9.4"
"PAUTYB","TARGET-40-PAUTYB-01A-01D",26348,469,"BUSTARD","2013-03-25","1.9.4"
"PAUUML","TARGET-40-PAUUML-01A-01D",26354,469,"BUSTARD","2013-03-25","1.9.4"
"PAUUML","TARGET-40-PAUUML-01A-01D",26347,469,"BUSTARD","2013-03-25","1.9.4"
"PAUVUL","TARGET-40-PAUVUL-01A-01D",26358,469,"BUSTARD","2013-03-25","1.9.4"
"PAUVUL","TARGET-40-PAUVUL-01A-01D",26351,469,"BUSTARD","2013-03-25","1.9.4"
"PAUXPZ","TARGET-40-PAUXPZ-01A-01D",26359,469,"BUSTARD","2013-03-25","1.9.4"
"PAUXPZ","TARGET-40-PAUXPZ-01A-01D",26352,469,"BUSTARD","2013-03-25","1.9.4"
"PAUYTT","TARGET-40-PAUYTT-01A-01D",26356,469,"BUSTARD","2013-03-25","1.9.4"
"PAUYTT","TARGET-40-PAUYTT-01A-01D",26349,469,"BUSTARD","2013-03-25","1.9.4"
"PAVALD","TARGET-40-PAVALD-01A-01D",26341,469,"BUSTARD","2013-03-25","1.9.4"
"PAVCLP","TARGET-40-PAVCLP-01A-01D",26344,469,"BUSTARD","2013-03-25","1.9.4"
"PAVDTY","TARGET-40-PAVDTY-01A-01D",26346,469,"BUSTARD","2013-03-25","1.9.4"
"PAVECB","TARGET-40-PAVECB-01A-01D",26343,469,"BUSTARD","2013-03-25","1.9.4"
"PATXFN","TARGET-40-PATXFN-01A-01WX",26342,469,"BUSTARD","2013-03-25","1.9.4"
"PAUBIT","TARGET-40-PAUBIT-01A-01D",26345,469,"BUSTARD","2013-03-25","1.9.4"
"PATKSS","TARGET-40-PATKSS-10A-01D",26324,470,"BUSTARD","2013-03-25","1.9.4"
"PATKSS","TARGET-40-PATKSS-10A-01D",26331,469,"BUSTARD","2013-03-25","1.9.4"
"PAUTWB","TARGET-40-PAUTWB-10A-01D",26325,470,"BUSTARD","2013-03-25","1.9.4"
"PAUTWB","TARGET-40-PAUTWB-10A-01D",26332,469,"BUSTARD","2013-03-25","1.9.4"
"PAUTYB","TARGET-40-PAUTYB-10A-01D",26329,470,"BUSTARD","2013-03-25","1.9.4"
"PAUTYB","TARGET-40-PAUTYB-10A-01D",26336,469,"BUSTARD","2013-03-25","1.9.4"
"PAUUML","TARGET-40-PAUUML-10A-01D",26327,470,"BUSTARD","2013-03-25","1.9.4"
"PAUUML","TARGET-40-PAUUML-10A-01D",26334,469,"BUSTARD","2013-03-25","1.9.4"
"PAUVUL","TARGET-40-PAUVUL-10A-01D",26323,470,"BUSTARD","2013-03-25","1.9.4"
"PAUVUL","TARGET-40-PAUVUL-10A-01D",26330,469,"BUSTARD","2013-03-25","1.9.4"
"PAUXPZ","TARGET-40-PAUXPZ-10A-01D",26326,470,"BUSTARD","2013-03-25","1.9.4"
"PAUXPZ","TARGET-40-PAUXPZ-10A-01D",26333,469,"BUSTARD","2013-03-25","1.9.4"
"PAUYTT","TARGET-40-PAUYTT-10A-01D",26328,470,"BUSTARD","2013-03-25","1.9.4"
"PAUYTT","TARGET-40-PAUYTT-10A-01D",26335,469,"BUSTARD","2013-03-25","1.9.4"
"PAVALD","TARGET-40-PAVALD-10A-01D",26321,470,"BUSTARD","2013-03-25","1.9.4"
"PAVALD","TARGET-40-PAVALD-10A-01D",26315,470,"BUSTARD","2013-03-25","1.9.4"
"PAVCLP","TARGET-40-PAVCLP-10A-01D",26317,470,"BUSTARD","2013-03-25","1.9.4"
"PAVCLP","TARGET-40-PAVCLP-10A-01D",26311,470,"BUSTARD","2013-03-25","1.9.4"
"PAVDTY","TARGET-40-PAVDTY-10A-01D",26319,470,"BUSTARD","2013-03-25","1.9.4"
"PAVDTY","TARGET-40-PAVDTY-10A-01D",26313,470,"BUSTARD","2013-03-25","1.9.4"
"PAVECB","TARGET-40-PAVECB-10A-01D",26322,470,"BUSTARD","2013-03-25","1.9.4"
"PAVECB","TARGET-40-PAVECB-10A-01D",26316,470,"BUSTARD","2013-03-25","1.9.4"
"PATXFN","TARGET-40-PATXFN-10A-01D",26320,470,"BUSTARD","2013-03-25","1.9.4"
"PATXFN","TARGET-40-PATXFN-10A-01D",26314,470,"BUSTARD","2013-03-25","1.9.4"
"PAUBIT","TARGET-40-PAUBIT-10A-01WX",26318,470,"BUSTARD","2013-03-25","1.9.4"
"PAUBIT","TARGET-40-PAUBIT-10A-01WX",26312,470,"BUSTARD","2013-03-25","1.9.4"
"0A4I42","TARGET_40_0A4I42_01A_01R_12.12.12",26368,469,"BUSTARD","2013-03-25","1.9.4"
"0A4I42","TARGET_40_0A4I42_01A_01R_12.12.12",26364,469,"BUSTARD","2013-03-25","1.9.4"
"0A4I42","TARGET_40_0A4I42_01A_01R_12.12.12",26340,469,"BUSTARD","2013-03-25","1.9.4"
"0A4I40","TARGET_40_0A4I40_01A_01R_12.12.12",26477,469,"BUSTARD","2013-03-25","1.9.4"
"0A4I40","TARGET_40_0A4I40_01A_01R_12.12.12",26476,469,"BUSTARD","2013-03-25","1.9.4"
"0A4I40","TARGET_40_0A4I40_01A_01R_12.12.12",26475,469,"BUSTARD","2013-03-25","1.9.4"
"PAUBIT","TARGET_40_PAUBIT_01A_01R",26366,469,"BUSTARD","2013-03-25","1.9.4"
"PAUBIT","TARGET_40_PAUBIT_01A_01R",26362,469,"BUSTARD","2013-03-25","1.9.4"
"PAUBIT","TARGET_40_PAUBIT_01A_01R",26338,469,"BUSTARD","2013-03-25","1.9.4"
"PAVCLP","TARGET_40_PAVCLP_01A_01R",26365,469,"BUSTARD","2013-03-25","1.9.4"
"PAVCLP","TARGET_40_PAVCLP_01A_01R",26361,469,"BUSTARD","2013-03-25","1.9.4"
"PAVCLP","TARGET_40_PAVCLP_01A_01R",26337,469,"BUSTARD","2013-03-25","1.9.4"
"PAUVUL","TARGET-40-PAUVUL-01A-01R",26310,468,"BUSTARD","2013-03-20","1.9.4"
"PAUVUL","TARGET-40-PAUVUL-01A-01R",26747,478,"BUSTARD","2013-04-29","1.9.4"
"PAUYTT","TARGET-40-PAUYTT-01A-01R",26309,468,"BUSTARD","2013-03-20","1.9.4"
"PAUYTT","TARGET-40-PAUYTT-01A-01R",26744,478,"BUSTARD","2013-04-29","1.9.4"
"PAVALD","TARGET-40-PAVALD-01A-01R",26308,468,"BUSTARD","2013-03-20","1.9.4"
"PAVALD","TARGET-40-PAVALD-01A-01R",26743,478,"BUSTARD","2013-04-29","1.9.4"
"PATKSS","TARGET-40-PATKSS-01A-01R",26750,478,"BUSTARD","2013-04-29","1.9.4"
"PAUTWB","TARGET-40-PAUTWB-01A-01R",26751,478,"BUSTARD","2013-04-29","1.9.4"
"PAUTYB","TARGET-40-PAUTYB-01A-01R",26749,478,"BUSTARD","2013-04-29","1.9.4"
"PAUUML","TARGET-40-PAUUML-01A-01R",26746,478,"BUSTARD","2013-04-29","1.9.4"
"PAUXPZ","TARGET-40-PAUXPZ-01A-01R",26748,478,"BUSTARD","2013-04-29","1.9.4"
"PAVDTY","TARGET-40-PAVDTY-01A-01R",26742,478,"BUSTARD","2013-04-29","1.9.4"
"PAVECB","TARGET-40-PAVECB-01A-01R",26740,478,"BUSTARD","2013-04-29","1.9.4"
"PAPNVD","TARGET_40_PAPNVD_01A_01R",26739,478,"BUSTARD","2013-04-29","1.9.4"
"PAUBIT","TARGET_40_PAUBIT_01A_01R",26741,478,"BUSTARD","2013-04-29","1.9.4"
"PAKUZU","TARGET-40-PAKUZU-01A-01R",26738,478,"BUSTARD","2013-04-29","1.9.4"
"0A4HLD","TARGET-40-0A4HLD-01A-01R",26737,478,"BUSTARD","2013-04-29","1.9.4"
"0A4I40","TARGET_40_0A4I40_01A_01R_12.12.12",26735,478,"BUSTARD","2013-04-29","1.9.4"
"0A4I42","TARGET_40_0A4I42_01A_01R_12.12.12",26736,478,"BUSTARD","2013-04-29","1.9.4"
"0A4I8U","TARGET-40-0A4I8U-01A-01R",26734,478,"BUSTARD","2013-04-29","1.9.4"
"PAVCLP","TARGET_40_PAVCLP_01A_01R",26745,478,"BUSTARD","2013-04-29","1.9.4"
"0A4I9K","TARGET-40-0A4I9K-01A-01D",26395,333,"BUSTARD","2012-05-07","1.9.4"
"0A4I3S","TARGET-40-0A4I3S-01A-01D",26542,361,"BUSTARD","2012-07-05","1.9.4"
"0A4I0S","TARGET-40-0A4I0S-10A-01D",26548,361,"BUSTARD","2012-07-05","1.9.4"
"0A4I0S","TARGET-40-0A4I0S-10A-01D",26547,361,"BUSTARD","2012-07-05","1.9.4"
"PAUTWB","TARGET-40-PAUTWB-01A-01D",27103,502,"BUSTARD","2013-06-07","1.9.4"
"PAUTYB","TARGET-40-PAUTYB-01A-01D",27106,502,"BUSTARD","2013-06-07","1.9.4"
"PAVDTY","TARGET-40-PAVDTY-01A-01D",27101,502,"BUSTARD","2013-06-07","1.9.4"
"PATXFN","TARGET-40-PATXFN-01A-01WX",27100,502,"BUSTARD","2013-06-07","1.9.4"
"PATKSS","TARGET-40-PATKSS-10A-01D",27104,502,"BUSTARD","2013-06-07","1.9.4"
"PAUVUL","TARGET-40-PAUVUL-10A-01D",27105,502,"BUSTARD","2013-06-07","1.9.4"
"PAUBIT","TARGET-40-PAUBIT-10A-01WX",27102,502,"BUSTARD","2013-06-07","1.9.4"
"NAAEDA","TARGET_40_NAAEDA_01A_01R",28656,527,"BUSTARD","2013-07-18","1.9.4"
"NAAEDA","TARGET_40_NAAEDA_08A_01R",28657,527,"BUSTARD","2013-07-18","1.9.4"
"NAAEDA","TARGET_40_NAAEDA_06A_01R",28655,527,"BUSTARD","2013-07-18","1.9.4"
"NAAEDD","TARGET_40_NAAEDD_06A_01R",28652,527,"BUSTARD","2013-07-18","1.9.4"
"NAAEDH","TARGET_40_NAAEDH_01A_01R",28653,527,"BUSTARD","2013-07-18","1.9.4"
"NAAEDH","TARGET_40_NAAEDH_08A_01R",28654,527,"BUSTARD","2013-07-18","1.9.4"
"NAAEDH","TARGET_40_NAAEDH_06A_01R",28649,527,"BUSTARD","2013-07-18","1.9.4"
"NAAEDI","TARGET_40_NAAEDI_06A_01R",28650,527,"BUSTARD","2013-07-18","1.9.4"
"NAAEDI","TARGET_40_NAAEDI_08A_01R",28651,527,"BUSTARD","2013-07-18","1.9.4"
"NAAECZ","TARGET_40_NAAECZ_10A_01D",28773,535,"BUSTARD","2013-08-05","1.9.4"
"NAAECZ","TARGET_40_NAAECZ_10A_01D",29489,558,"BUSTARD","2013-10-08","1.9.4"
"NAAEDA","TARGET_40_NAAEDA_01A_01D",28771,535,"BUSTARD","2013-08-05","1.9.4"
"NAAEDA","TARGET_40_NAAEDA_01A_01D",29487,558,"BUSTARD","2013-10-08","1.9.4"
"NAAECZ","TARGET_40_NAAECZ_01A_01D",28772,535,"BUSTARD","2013-08-05","1.9.4"
"NAAECZ","TARGET_40_NAAECZ_01A_01D",29488,558,"BUSTARD","2013-10-08","1.9.4"
"NAAEDA","TARGET_40_NAAEDA_06A_01D",28770,535,"BUSTARD","2013-08-05","1.9.4"
"NAAEDA","TARGET_40_NAAEDA_06A_01D",29486,558,"BUSTARD","2013-10-08","1.9.4"
"NAAEDA","TARGET_40_NAAEDA_10A_01D",28776,535,"BUSTARD","2013-08-05","1.9.4"
"NAAEDA","TARGET_40_NAAEDA_10A_01D",29484,558,"BUSTARD","2013-10-08","1.9.4"
"NAAEDB","TARGET_40_NAAEDB_10A_01D",28777,535,"BUSTARD","2013-08-05","1.9.4"
"NAAEDB","TARGET_40_NAAEDB_10A_01D",29485,558,"BUSTARD","2013-10-08","1.9.4"
"NAAEDD","TARGET_40_NAAEDD_01A_01D",28775,535,"BUSTARD","2013-08-05","1.9.4"
"NAAEDD","TARGET_40_NAAEDD_01A_01D",29483,558,"BUSTARD","2013-10-08","1.9.4"
"NAAEDD","TARGET_40_NAAEDD_06A_01D",28774,535,"BUSTARD","2013-08-05","1.9.4"
"NAAEDD","TARGET_40_NAAEDD_06A_01D",29482,558,"BUSTARD","2013-10-08","1.9.4"
"NAAEDG","TARGET_40_NAAEDG_01A_01D",28643,527,"BUSTARD","2013-07-18","1.9.4"
"NAAEDG","TARGET_40_NAAEDG_01A_01D",29480,558,"BUSTARD","2013-10-08","1.9.4"
"NAAEDG","TARGET_40_NAAEDG_10A_01D",28644,527,"BUSTARD","2013-07-18","1.9.4"
"NAAEDG","TARGET_40_NAAEDG_10A_01D",29481,558,"BUSTARD","2013-10-08","1.9.4"
"NAAEDH","TARGET_40_NAAEDH_01A_01D",28642,527,"BUSTARD","2013-07-18","1.9.4"
"NAAEDH","TARGET_40_NAAEDH_01A_01D",29479,558,"BUSTARD","2013-10-08","1.9.4"
"NAAEDH","TARGET_40_NAAEDH_06A_01D",28641,527,"BUSTARD","2013-07-18","1.9.4"
"NAAEDH","TARGET_40_NAAEDH_06A_01D",29478,558,"BUSTARD","2013-10-08","1.9.4"
"NAAEDH","TARGET_40_NAAEDH_10A_01D",28647,527,"BUSTARD","2013-07-18","1.9.4"
"NAAEDH","TARGET_40_NAAEDH_10A_01D",29626,572,"BUSTARD","2013-11-21","1.9.4"
"NAAEDI","TARGET_40_NAAEDI_08A_01D",28648,527,"BUSTARD","2013-07-18","1.9.4"
"NAAEDI","TARGET_40_NAAEDI_08A_01D",29627,572,"BUSTARD","2013-11-21","1.9.4"
"NAAEDI","TARGET_40_NAAEDI_06A_01D",28646,527,"BUSTARD","2013-07-18","1.9.4"
"NAAEDI","TARGET_40_NAAEDI_06A_01D",29625,572,"BUSTARD","2013-11-21","1.9.4"
"NAAEDI","TARGET_40_NAAEDI_10A_01D",28645,527,"BUSTARD","2013-07-18","1.9.4"
"NAAEDI","TARGET_40_NAAEDI_10A_01D",29624,572,"BUSTARD","2013-11-21","1.9.4"
"NAAEDG","TARGET_40_NAAEDG_01A_01D",29590,567,"BUSTARD","2013-11-08","1.9.4"
"NAAEDG","TARGET_40_NAAEDG_10A_01D",29589,567,"BUSTARD","2013-11-08","1.9.4"
"NAAEDH","TARGET_40_NAAEDH_01A_01D",29588,567,"BUSTARD","2013-11-08","1.9.4"
"NAAEDH","TARGET_40_NAAEDH_10A_01D",29587,567,"BUSTARD","2013-11-08","1.9.4"
"NAAEDB","TARGET_40_NAAEDB_01A_01D",29591,567,"BUSTARD","2013-11-08","1.9.4"
"NAAEDH","TARGET_40_NAAEDH_08A_01D",29592,567,"BUSTARD","2013-11-08","1.9.4"
"PANMIG","TARGET_40_PANMIG_01A_02D",29425,553,"BUSTARD","2013-10-04","1.9.4"
"0A4HXS","IHRT1173_TumourDNA",2606,258,"BUSTARD","2011-07-09","1.9.0"
"0A4HXS","IHRT1173_TumourDNA",2612,260,"BUSTARD","2011-07-18","1.9.0"
"0A4I6O","IHRT1165_TumourDNA",2605,258,"BUSTARD","2011-07-09","1.9.0"
"0A4I6O","IHRT1165_TumourDNA",2611,260,"BUSTARD","2011-07-18","1.9.0"
"IHRT1161","IHRT1161_TumourDNA",2604,258,"BUSTARD","2011-07-09","1.9.0"
"IHRT1161","IHRT1161_TumourDNA",2610,260,"BUSTARD","2011-07-18","1.9.0"
"0A4HLQ","IHRT134_WBC_DNA",2603,258,"BUSTARD","2011-07-09","1.9.0"
"0A4HLQ","IHRT134_WBC_DNA",2609,260,"BUSTARD","2011-07-18","1.9.0"
"0A4HX8","IHRT803_TumourDNA",2602,258,"BUSTARD","2011-07-09","1.9.0"
"0A4HX8","IHRT803_TumourDNA",2608,260,"BUSTARD","2011-07-18","1.9.0"
"0A4HLD","IHRT131_TumourDNA",2601,258,"BUSTARD","2011-07-09","1.9.0"
"0A4HLD","IHRT131_TumourDNA",2607,260,"BUSTARD","2011-07-18","1.9.0"
"IHRT1318","IHRT1318_TumourDNA",2614,261,"BUSTARD","2011-07-18","1.9.0"
"IHRT1318","IHRT1318_TumourDNA",2613,261,"BUSTARD","2011-07-18","1.9.0"
"IHRT1184","IHRT1184_WBC_DNA",2626,262,"BUSTARD","2011-07-29","1.9.0"
"IHRT1184","IHRT1184_WBC_DNA",2619,266,"BUSTARD","2011-07-25","1.9.0"
"IHRT1184","IHRT1184_WBC_DNA",2618,266,"BUSTARD","2011-07-25","1.9.0"
"IHRT1482","IHRT1482_TumourDNA",2625,262,"BUSTARD","2011-07-29","1.9.0"
"IHRT1482","IHRT1482_TumourDNA",2617,266,"BUSTARD","2011-07-25","1.9.0"
"0A4HZR","IHRT1651_WBC_DNA",2624,262,"BUSTARD","2011-07-29","1.9.0"
"0A4HZR","IHRT1651_WBC_DNA",2616,266,"BUSTARD","2011-07-25","1.9.0"
"IHRT1665","IHRT1665_WBC_DNA",2633,263,"BUSTARD","2011-08-02","1.8.0"
"IHRT1665","IHRT1665_WBC_DNA",2615,266,"BUSTARD","2011-07-25","1.9.0"
"0A4I0S","IHRT2383_TumourDNA",2623,262,"BUSTARD","2011-07-29","1.9.0"
"0A4I0S","IHRT2383_TumourDNA",2622,262,"BUSTARD","2011-07-29","1.9.0"
"IHRT1953","IHRT1953_TumourDNA",2621,262,"BUSTARD","2011-07-29","1.9.0"
"IHRT1953","IHRT1953_TumourDNA",2620,262,"BUSTARD","2011-07-29","1.9.0"
"IHRT1667","IHRT1667_WBC_DNA",2632,263,"BUSTARD","2011-08-02","1.8.0"
"IHRT1667","IHRT1667_WBC_DNA",2631,263,"BUSTARD","2011-08-02","1.8.0"
"0A4I0Q","IHRT1705_TumourDNA",2630,263,"BUSTARD","2011-08-02","1.8.0"
"0A4I0Q","IHRT1705_TumourDNA",2629,263,"BUSTARD","2011-08-02","1.8.0"
"IHRT1713","IHRT1713_TumourDNA",2628,263,"BUSTARD","2011-08-02","1.8.0"
"IHRT1713","IHRT1713_TumourDNA",2627,263,"BUSTARD","2011-08-02","1.8.0"
"IHRT1482","IHRT1482_WBC_DNA",2640,272,"BUSTARD","2011-08-26","1.8.0"
"0A4HZR","IHRT1651_WBC_DNA",2639,272,"BUSTARD","2011-08-26","1.8.0"
"IHRT1665","IHRT1665_WBC_DNA",2638,272,"BUSTARD","2011-08-26","1.8.0"
"IHRT1667","IHRT1667_WBC_DNA",2637,272,"BUSTARD","2011-08-26","1.8.0"
"0A4I0Q","IHRT1705_WBC_DNA",2636,272,"BUSTARD","2011-08-26","1.8.0"
"IHRT1953","IHRT1953_WBC_DNA",2635,272,"BUSTARD","2011-08-26","1.8.0"
"0A4I0S","IHRT2383_WBC_DNA",2634,272,"BUSTARD","2011-08-26","1.8.0"
"0A4I0Q","IHRT1705_TumourRNA",2647,270,"BUSTARD","2011-08-22","1.8.0"
"0A4I0Q","IHRT1705_TumourRNA",2661,279,"BUSTARD","2011-09-02","1.9.0"
"IHRT1713","IHRT1713_TumourRNA",2646,270,"BUSTARD","2011-08-22","1.8.0"
"IHRT1713","IHRT1713_TumourRNA",2660,279,"BUSTARD","2011-09-02","1.9.0"
"IHRT1953","IHRT1953_TumourRNA",2645,270,"BUSTARD","2011-08-22","1.8.0"
"IHRT1953","IHRT1953_TumourRNA",2659,279,"BUSTARD","2011-09-02","1.9.0"
"0A4I0S","IHRT2383_TumourRNA",2644,270,"BUSTARD","2011-08-22","1.8.0"
"0A4I0S","IHRT2383_TumourRNA",2664,279,"BUSTARD","2011-09-02","1.9.0"
"IHRT2389","IHRT2389_TumourRNA",2643,270,"BUSTARD","2011-08-22","1.8.0"
"IHRT2389","IHRT2389_TumourRNA",2663,279,"BUSTARD","2011-09-02","1.9.0"
"0A4I0W","IHRT2536_TumourRNA",2642,270,"BUSTARD","2011-08-22","1.8.0"
"0A4I0W","IHRT2536_TumourRNA",2649,271,"BUSTARD","2011-08-22","1.8.0"
"0A4I3S","IHRT2550_TumourRNA",2641,270,"BUSTARD","2011-08-22","1.8.0"
"0A4I3S","IHRT2550_TumourRNA",2648,271,"BUSTARD","2011-08-22","1.8.0"
"IHRT2576","IHRT2576_TumourRNA",2651,271,"BUSTARD","2011-08-22","1.8.0"
"IHRT2576","IHRT2576_TumourRNA",2662,279,"BUSTARD","2011-09-02","1.9.0"
"IHRT1713","IHRT1713_WBC_DNA",2650,271,"BUSTARD","2011-08-22","1.8.0"
"0A4I44","IHRT2915_WBC_DNA",2658,269,"BUSTARD","2011-08-22","1.8.0"
"IHRT3232","IHRT3232_WBC_DNA",2657,269,"BUSTARD","2011-08-22","1.8.0"
"0A4I8U","IHRT3357_WBC_DNA",2656,269,"BUSTARD","2011-08-22","1.8.0"
"IHRT3408","IHRT3408_WBC_DNA",2655,269,"BUSTARD","2011-08-22","1.8.0"
"IHRT3798","IHRT3798_WBC_DNA",2654,269,"BUSTARD","2011-08-22","1.8.0"
"IHRT3232","IHRT3232_TumourDNA",2653,269,"BUSTARD","2011-08-22","1.8.0"
"IHRT3232","IHRT3232_TumourDNA",2652,269,"BUSTARD","2011-08-22","1.8.0"
"0A4HLD","IHRT131_WBC_DNA",2669,274,"BUSTARD","2011-09-02","1.9.0"
"0A4HLQ","IHRT134_WBC_DNA",2668,274,"BUSTARD","2011-09-02","1.9.0"
"0A4HX8","IHRT803_WBC_DNA",2667,274,"BUSTARD","2011-09-02","1.9.0"
"IHRT1161","IHRT1161_WBC_DNA",2666,274,"BUSTARD","2011-09-02","1.9.0"
"0A4I6O","IHRT1165_WBC_DNA",2665,274,"BUSTARD","2011-09-02","1.9.0"
"0A4HXS","IHRT1173_WBC_DNA",2688,281,"BUSTARD","2011-09-23","1.9.0"
"IHRT2389","IHRT2389_WBC_DNA",2676,273,"BUSTARD","2011-09-03","1.9.0"
"IHRT2389","IHRT2389_WBC_DNA",2697,293,"BUSTARD","2011-11-19","1.9.0"
"0A4I0W","IHRT2536_TumourDNA",2675,273,"BUSTARD","2011-09-03","1.9.0"
"0A4I0W","IHRT2536_TumourDNA",2696,293,"BUSTARD","2011-11-19","1.9.0"
"0A4I3S","IHRT2550_TumourDNA",2674,273,"BUSTARD","2011-09-03","1.9.0"
"0A4I3S","IHRT2550_TumourDNA",2695,293,"BUSTARD","2011-11-19","1.9.0"
"IHRT2576","IHRT2576_WBC_DNA",2673,273,"BUSTARD","2011-09-03","1.9.0"
"IHRT2576","IHRT2576_WBC_DNA",2694,293,"BUSTARD","2011-11-19","1.9.0"
"0A4I42","IHRT2749_WBC_DNA",2672,273,"BUSTARD","2011-09-03","1.9.0"
"0A4I42","IHRT2749_WBC_DNA",2701,296,"BUSTARD","2011-11-04","1.9.0"
"0A4I42","IHRT2749_WBC_DNA",2712,298,"BUSTARD","2011-12-27","1.9.0"
"0A4I42","IHRT2749_WBC_DNA",2711,298,"BUSTARD","2011-12-27","1.9.0"
"IHRT2660","IHRT2660_WBC_DNA",2671,273,"BUSTARD","2011-09-03","1.9.0"
"IHRT2660","IHRT2660_WBC_DNA",2700,296,"BUSTARD","2011-11-04","1.9.0"
"IHRT2660","IHRT2660_WBC_DNA",2710,298,"BUSTARD","2011-12-27","1.9.0"
"IHRT2660","IHRT2660_WBC_DNA",2709,298,"BUSTARD","2011-12-27","1.9.0"
"IHRT2795","IHRT2795_WBC_DNA",2670,273,"BUSTARD","2011-09-03","1.9.0"
"IHRT2795","IHRT2795_WBC_DNA",2698,295,"BUSTARD","2011-11-26","1.9.0"
"IHRT2389","IHRT2389_TumourDNA",2682,278,"BUSTARD","2011-09-10","1.9.0"
"0A4I0W","IHRT2536_TumourDNA",2683,278,"BUSTARD","2011-09-10","1.9.0"
"0A4I3S","IHRT2550_WBC_DNA",2681,278,"BUSTARD","2011-09-10","1.9.0"
"IHRT2576","IHRT2576_TumourDNA",2680,278,"BUSTARD","2011-09-10","1.9.0"
"IHRT2660","IHRT2660_TumourDNA",2689,282,"BUSTARD","2011-09-23","1.9.0"
"IHRT2795","IHRT2795_TumourDNA",2679,278,"BUSTARD","2011-09-10","1.9.0"
"IHRT2795","IHRT2795_WBC_DNA",2678,278,"BUSTARD","2011-09-10","1.9.0"
"0A4I44","IHRT2915_WBC_DNA",2677,278,"BUSTARD","2011-09-10","1.9.0"
"IHRT2817","IHRT2817_WBC_DNA",2716,302,"BUSTARD","2012-01-09","1.9.0"
"IHRT2817","IHRT2817_WBC_DNA",2715,302,"BUSTARD","2012-01-09","1.9.0"
"IHRT2817","IHRT2817_TumourRNA",2727,305,"BUSTARD","2012-01-25","1.9.0"
"IHRT2817","IHRT2817_TumourRNA",2726,305,"BUSTARD","2012-01-25","1.9.0"
"0A4I44","IHRT2915_TumourRNA",2704,299,"BUSTARD","2011-12-21","1.9.0"
"0A4I44","IHRT2915_TumourRNA",2717,302,"BUSTARD","2012-01-09","1.9.0"
"0A4I42","IHRT2749_TumourDNA",2690,282,"BUSTARD","2011-09-23","1.9.0"
"IHRT2660","IHRT2660_TumourRNA",2732,309,"BUSTARD","2012-02-06","1.9.0"
"IHRT2660","IHRT2660_TumourRNA",2731,309,"BUSTARD","2012-02-06","1.9.0"
"IHRT3232","IHRT3232_TumourRNA",2706,299,"BUSTARD","2011-12-21","1.9.0"
"IHRT3232","IHRT3232_TumourRNA",2705,299,"BUSTARD","2011-12-21","1.9.0"
"IHRT3232","IHRT3232_TumourRNA",2714,302,"BUSTARD","2012-01-09","1.9.0"
"IHRT3232","IHRT3232_TumourRNA",2713,302,"BUSTARD","2012-01-09","1.9.0"
"0A4I8U","IHRT3357_TumourRNA",2719,303,"BUSTARD","2012-01-17","1.9.0"
"0A4I8U","IHRT3357_TumourRNA",2718,304,"BUSTARD","2012-01-20","1.8.0"
"0A4I8U","IHRT3357_TumourRNA",2728,305,"BUSTARD","2012-01-25","1.9.0"
"0A4I8U","IHRT3357_TumourDNA",2691,282,"BUSTARD","2011-09-23","1.9.0"
"0A4I8U","IHRT3357_TumourDNA",2699,296,"BUSTARD","2011-11-04","1.9.0"
"0A4I8U","IHRT3357_TumourDNA",2708,298,"BUSTARD","2011-12-27","1.9.0"
"0A4I8U","IHRT3357_TumourDNA",2707,298,"BUSTARD","2011-12-27","1.9.0"
"IHRT3408","IHRT3408_TumourDNA",2684,281,"BUSTARD","2011-09-23","1.9.0"
"IHRT3408","IHRT3408_TumourDNA",2692,292,"BUSTARD","2011-11-08","1.9.0"
"IHRT3408","IHRT3408_TumourRNA",2723,303,"BUSTARD","2012-01-17","1.9.0"
"IHRT3408","IHRT3408_TumourRNA",2721,303,"BUSTARD","2012-01-17","1.9.0"
"IHRT3408","IHRT3408_TumourRNA",2722,304,"BUSTARD","2012-01-20","1.8.0"
"IHRT3408","IHRT3408_TumourRNA",2720,304,"BUSTARD","2012-01-20","1.8.0"
"IHRT3798","IHRT3798_TumourRNA",2703,296,"BUSTARD","2011-11-04","1.9.0"
"IHRT3798","IHRT3798_TumourRNA",2702,296,"BUSTARD","2011-11-04","1.9.0"
"IHRT3798","IHRT3798_WBC_DNA",2685,281,"BUSTARD","2011-09-23","1.9.0"
"IHRT3798","IHRT3798_WBC_DNA",2693,293,"BUSTARD","2011-11-19","1.9.0"
"IHRT2795","IHRT2795_TumourRNA",2725,305,"BUSTARD","2012-01-25","1.9.0"
"IHRT2795","IHRT2795_TumourRNA",2724,305,"BUSTARD","2012-01-25","1.9.0"
"0A4I42","IHRT2749_TumourRNA",2730,309,"BUSTARD","2012-02-06","1.9.0"
"0A4I42","IHRT2749_TumourRNA",2729,309,"BUSTARD","2012-02-06","1.9.0"
"IHRT1318","IHRT1318_WBC_DNA",2687,281,"BUSTARD","2011-09-23","1.9.0"
"IHRT1184","IHRT1184_WBC_DNA",2686,281,"BUSTARD","2011-09-23","1.9.0"
"0A4I42","IHRT2749_TumourDNA",29427,553,"BUSTARD","2013-10-04","1.9.4"
"CA_4388_011","VALIDATION_CA_4388_001_TumorDNA",29426,553,"BUSTARD","2013-10-04","1.9.4"
